State,District,Soil_Type,pH,Nitrogen,Phosphorus,Potassium,Organic_Carbon,Moisture
Punjab,Ludhiana,Alluvial,5.83,335.39,34.69,177.91,0.42,37.22
Punjab,Ludhiana,Red Soil,5.76,255.48,21.79,193.73,0.91,15.8
Punjab,Ludhiana,Sandy,7.65,325.33,45.17,239.84,0.63,41.08
Punjab,Ludhiana,Sandy,7.59,235.06,29.33,341.44,0.7,17.78
Punjab,Ludhiana,Clay,6.58,235.99,35.87,158.69,0.85,18.74
Punjab,Ludhiana,Black Cotton,5.74,223.29,57.72,327.09,0.73,20.77
Punjab,Ludhiana,Clay,5.64,206.97,37.36,165.96,0.58,18.03
Punjab,Ludhiana,Loamy,6.86,358.53,29.76,221.05,1.1,36.05
Punjab,Ludhiana,Alluvial,7.44,302.28,30.27,295.83,0.5,26.38
Punjab,Ludhiana,Alluvial,7.56,204.9,39.46,303.66,0.37,39.65
Punjab,Ludhiana,Loamy,6.7,166.55,74.79,263.44,1.16,21.38
Punjab,Ludhiana,Black Cotton,6.69,378.64,47.53,202.98,0.6,31.84
Punjab,Ludhiana,Loamy,7.74,257.11,55.01,222.4,1.5,19.15
Punjab,Ludhiana,Black Cotton,5.77,161.78,26.58,275.49,1.25,27.66
Punjab,Ludhiana,Clay,6.65,298.97,48.08,200.28,0.96,43.27
Punjab,Ludhiana,Alluvial,7.66,320.43,52.22,203.37,1.07,18.35
Punjab,Ludhiana,Black Cotton,5.97,150.81,63.33,293.94,1.47,37.86
Punjab,Ludhiana,Red Soil,8.24,367.63,37.91,277.79,1.03,19.59
Punjab,Ludhiana,Sandy,7.12,344.66,51.82,150.11,0.69,15.58
Punjab,Ludhiana,Loamy,8.14,357.92,38.45,161.59,1.35,43.41
Punjab,Ludhiana,Clay,7.7,354.01,78.68,256.54,0.45,34.79
Punjab,Ludhiana,Red Soil,6.0,281.92,56.4,342.87,1.41,37.66
Punjab,Ludhiana,Alluvial,6.1,227.93,79.71,279.98,0.83,30.53
Punjab,Ludhiana,Clay,6.24,166.01,21.26,260.78,1.01,15.22
Punjab,Ludhiana,Alluvial,7.39,207.24,74.33,321.93,0.39,22.14
Punjab,Ludhiana,Alluvial,6.96,284.81,63.4,326.48,0.99,22.29
Punjab,Ludhiana,Black Cotton,7.92,197.6,25.82,236.21,0.81,29.01
Punjab,Ludhiana,Alluvial,5.66,313.36,58.77,162.12,1.17,39.02
Punjab,Ludhiana,Clay,6.25,197.55,46.92,234.38,0.63,22.49
Punjab,Ludhiana,Clay,6.83,365.34,53.02,160.12,1.5,40.08
Punjab,Ludhiana,Clay,8.28,362.17,29.98,247.13,0.56,27.03
Punjab,Ludhiana,Clay,5.99,150.54,43.43,335.3,1.24,23.56
Punjab,Ludhiana,Alluvial,8.37,398.86,53.35,293.68,0.49,23.9
Punjab,Ludhiana,Clay,7.24,285.55,64.88,161.43,1.0,30.09
Punjab,Ludhiana,Red Soil,5.97,390.19,24.81,187.16,1.01,35.26
Punjab,Ludhiana,Sandy,6.71,385.4,54.18,265.78,0.35,17.46
Punjab,Ludhiana,Alluvial,7.25,280.7,76.08,190.85,1.16,22.16
Punjab,Ludhiana,Black Cotton,5.89,311.38,47.43,335.8,1.42,15.28
Punjab,Ludhiana,Red Soil,8.5,399.02,24.4,192.63,0.62,43.0
Punjab,Ludhiana,Clay,8.14,242.38,29.46,316.75,1.14,33.35
Punjab,Ludhiana,Alluvial,7.09,316.97,53.28,336.35,0.42,41.34
Punjab,Ludhiana,Loamy,5.85,176.76,53.19,204.47,1.03,36.53
Punjab,Ludhiana,Sandy,7.56,363.23,50.32,200.22,1.39,16.52
Punjab,Ludhiana,Alluvial,6.77,219.17,20.21,304.22,1.06,22.86
Punjab,Ludhiana,Alluvial,6.83,326.42,53.65,172.37,1.43,35.73
Punjab,Ludhiana,Sandy,7.14,358.65,54.95,179.62,0.45,24.25
Punjab,Ludhiana,Clay,8.2,202.52,34.97,170.56,1.24,41.52
Punjab,Ludhiana,Black Cotton,8.42,337.37,75.55,197.35,0.5,39.0
Punjab,Ludhiana,Sandy,8.14,156.2,64.19,216.44,1.42,39.07
Punjab,Ludhiana,Alluvial,7.93,216.7,67.24,171.62,1.35,40.76
Punjab,Amritsar,Sandy,6.1,379.61,40.98,314.11,1.35,21.69
Punjab,Amritsar,Alluvial,6.08,232.07,71.86,343.38,0.63,34.24
Punjab,Amritsar,Black Cotton,7.54,360.92,39.87,155.52,1.35,22.84
Punjab,Amritsar,Red Soil,8.39,216.37,26.5,236.91,1.17,24.41
Punjab,Amritsar,Red Soil,8.45,178.91,73.97,188.02,0.35,28.08
Punjab,Amritsar,Red Soil,8.28,284.61,63.17,298.39,1.1,25.93
Punjab,Amritsar,Clay,8.35,380.19,57.39,282.68,0.45,42.0
Punjab,Amritsar,Red Soil,6.43,252.1,44.14,209.13,0.45,27.61
Punjab,Amritsar,Black Cotton,7.53,375.7,56.93,210.19,0.96,15.01
Punjab,Amritsar,Loamy,6.13,346.44,56.4,214.45,0.83,35.27
Punjab,Amritsar,Red Soil,6.92,375.3,67.76,183.94,0.4,30.46
Punjab,Amritsar,Alluvial,7.36,173.35,77.12,196.97,0.67,39.2
Punjab,Amritsar,Sandy,5.57,211.21,48.51,319.95,0.39,27.43
Punjab,Amritsar,Alluvial,7.23,329.59,43.04,229.93,0.48,35.63
Punjab,Amritsar,Clay,7.84,204.71,68.25,289.18,0.86,31.72
Punjab,Amritsar,Clay,6.87,350.35,60.05,347.58,1.01,43.5
Punjab,Amritsar,Black Cotton,7.34,329.82,50.29,316.11,0.96,41.92
Punjab,Amritsar,Alluvial,8.08,262.52,65.11,317.97,0.63,38.33
Punjab,Amritsar,Black Cotton,7.38,218.65,24.65,207.15,0.63,24.59
Punjab,Amritsar,Red Soil,5.74,187.71,42.98,180.56,0.56,27.45
Punjab,Amritsar,Loamy,7.13,253.94,32.41,234.03,1.39,32.52
Punjab,Amritsar,Alluvial,5.56,370.16,54.54,245.4,1.43,23.96
Punjab,Amritsar,Black Cotton,8.06,388.36,45.14,299.5,0.96,33.1
Punjab,Amritsar,Sandy,6.96,218.23,49.14,227.77,1.1,38.94
Punjab,Amritsar,Alluvial,6.0,266.85,27.66,274.45,0.33,26.82
Punjab,Amritsar,Red Soil,7.49,170.99,45.72,323.37,0.52,22.8
Punjab,Amritsar,Loamy,6.13,231.71,65.67,225.83,1.2,39.96
Punjab,Amritsar,Loamy,8.0,267.58,64.94,160.42,1.44,21.73
Punjab,Amritsar,Clay,7.84,312.94,65.25,339.92,0.54,15.61
Punjab,Amritsar,Sandy,6.22,268.39,26.86,339.55,0.86,22.69
Punjab,Amritsar,Loamy,6.0,301.81,64.88,172.91,1.28,43.94
Punjab,Amritsar,Clay,7.24,382.22,54.55,331.61,0.75,43.24
Punjab,Amritsar,Sandy,5.73,322.65,57.63,170.38,1.23,40.51
Punjab,Amritsar,Red Soil,7.92,349.06,53.96,158.21,0.94,34.85
Punjab,Amritsar,Clay,7.02,235.31,70.97,314.47,0.43,43.82
Punjab,Amritsar,Alluvial,8.17,264.93,29.18,185.23,0.93,34.51
Punjab,Amritsar,Red Soil,7.92,284.54,49.01,237.11,1.18,23.05
Punjab,Amritsar,Sandy,7.99,171.67,72.9,198.77,0.86,33.31
Punjab,Amritsar,Black Cotton,6.51,273.58,39.5,247.51,0.73,22.75
Punjab,Amritsar,Loamy,8.14,325.3,36.58,152.03,1.44,17.57
Punjab,Amritsar,Alluvial,6.72,288.79,34.42,245.22,1.15,28.45
Punjab,Amritsar,Clay,5.78,205.4,61.51,211.24,1.0,29.2
Punjab,Amritsar,Red Soil,6.53,399.16,53.02,220.36,0.84,24.2
Punjab,Amritsar,Sandy,5.86,198.15,27.17,257.17,1.21,20.55
Punjab,Amritsar,Sandy,7.72,219.12,55.38,302.04,1.02,44.42
Punjab,Amritsar,Sandy,6.39,240.22,38.14,291.6,0.45,16.37
Punjab,Amritsar,Clay,7.16,324.35,27.58,323.69,0.89,41.18
Punjab,Amritsar,Red Soil,6.35,269.68,40.44,343.1,0.6,40.85
Punjab,Amritsar,Clay,7.97,250.18,24.44,275.89,0.36,19.48
Punjab,Amritsar,Red Soil,8.35,171.3,34.89,261.61,0.8,32.88
Punjab,Jalandhar,Red Soil,6.18,280.64,47.03,238.54,1.33,44.7
Punjab,Jalandhar,Loamy,7.21,165.06,77.61,169.85,1.22,33.77
Punjab,Jalandhar,Loamy,7.48,189.26,30.43,165.01,0.3,28.52
Punjab,Jalandhar,Red Soil,6.91,158.16,37.29,206.54,1.33,17.14
Punjab,Jalandhar,Sandy,8.27,346.96,57.5,282.24,1.42,27.75
Punjab,Jalandhar,Red Soil,6.17,187.25,35.94,178.45,0.37,38.78
Punjab,Jalandhar,Red Soil,7.75,292.3,37.32,174.87,1.13,35.99
Punjab,Jalandhar,Loamy,7.0,273.45,24.83,157.97,0.82,24.67
Punjab,Jalandhar,Loamy,5.58,207.23,60.46,322.1,1.0,15.62
Punjab,Jalandhar,Alluvial,7.96,294.06,65.79,185.04,0.92,28.27
Punjab,Jalandhar,Loamy,6.04,296.33,58.09,248.35,0.41,25.44
Punjab,Jalandhar,Loamy,6.46,176.15,29.65,232.33,0.89,34.88
Punjab,Jalandhar,Black Cotton,7.94,287.52,47.29,212.9,0.69,44.11
Punjab,Jalandhar,Black Cotton,8.09,356.23,20.07,323.87,0.85,16.63
Punjab,Jalandhar,Red Soil,6.59,339.11,57.52,302.0,0.54,31.48
Punjab,Jalandhar,Loamy,6.81,324.56,27.29,344.63,1.03,22.18
Punjab,Jalandhar,Sandy,6.43,153.42,44.48,194.94,1.31,18.4
Punjab,Jalandhar,Clay,7.44,188.49,75.96,208.37,1.15,27.46
Punjab,Jalandhar,Black Cotton,8.44,210.93,53.08,226.72,1.41,30.25
Punjab,Jalandhar,Sandy,8.09,219.06,67.4,232.99,1.42,30.23
Punjab,Jalandhar,Clay,6.35,224.64,55.22,349.78,0.89,19.46
Punjab,Jalandhar,Red Soil,6.95,233.11,65.77,225.44,1.42,41.09
Punjab,Jalandhar,Alluvial,6.22,245.74,71.36,232.16,0.68,29.19
Punjab,Jalandhar,Black Cotton,6.66,315.92,69.24,346.16,0.89,16.11
Punjab,Jalandhar,Red Soil,8.4,233.0,26.02,319.01,0.42,42.31
Punjab,Jalandhar,Clay,7.67,252.49,59.29,180.87,0.86,44.08
Punjab,Jalandhar,Loamy,7.37,249.37,24.82,215.71,1.11,31.01
Punjab,Jalandhar,Loamy,7.38,371.86,49.28,258.2,1.04,22.04
Punjab,Jalandhar,Alluvial,8.26,399.36,64.81,236.79,0.42,34.01
Punjab,Jalandhar,Clay,6.83,323.5,74.21,159.2,1.26,23.8
Punjab,Jalandhar,Loamy,6.79,211.05,44.72,286.36,0.52,20.25
Punjab,Jalandhar,Red Soil,8.11,304.93,34.45,332.57,0.47,28.83
Punjab,Jalandhar,Loamy,6.88,316.71,73.93,243.05,0.65,31.4
Punjab,Jalandhar,Clay,6.83,236.39,55.25,277.79,0.81,22.5
Punjab,Jalandhar,Loamy,6.1,246.17,48.99,197.44,0.99,32.24
Punjab,Jalandhar,Alluvial,6.39,394.49,59.49,204.9,0.98,35.57
Punjab,Jalandhar,Alluvial,8.42,377.65,64.71,316.57,1.38,38.27
Punjab,Jalandhar,Sandy,7.32,238.08,58.2,274.18,1.11,36.63
Punjab,Jalandhar,Alluvial,7.54,184.19,25.83,275.49,0.35,38.66
Punjab,Jalandhar,Clay,7.24,333.09,25.41,209.02,1.2,20.27
Punjab,Jalandhar,Sandy,7.86,369.12,41.95,250.36,0.63,19.94
Punjab,Jalandhar,Black Cotton,8.4,223.79,72.22,310.85,0.86,17.26
Punjab,Jalandhar,Sandy,8.08,331.05,78.8,343.45,1.27,25.97
Punjab,Jalandhar,Black Cotton,5.54,284.14,47.29,284.57,1.11,32.54
Punjab,Jalandhar,Alluvial,8.32,177.09,34.03,155.0,1.36,31.84
Punjab,Jalandhar,Red Soil,6.16,165.8,69.43,331.88,0.66,27.25
Punjab,Jalandhar,Sandy,5.64,159.3,79.76,173.22,0.58,31.13
Punjab,Jalandhar,Black Cotton,6.86,317.62,64.59,339.19,0.8,37.27
Punjab,Jalandhar,Sandy,8.16,313.73,70.02,273.13,1.43,23.39
Punjab,Jalandhar,Alluvial,6.61,260.85,77.03,321.09,0.42,35.57
Punjab,Patiala,Red Soil,8.21,311.21,23.63,205.18,1.46,43.47
Punjab,Patiala,Black Cotton,5.78,203.03,58.37,344.22,0.36,25.01
Punjab,Patiala,Sandy,7.86,201.3,69.79,260.84,1.0,39.39
Punjab,Patiala,Sandy,6.49,186.89,74.03,150.57,1.33,19.34
Punjab,Patiala,Sandy,7.12,349.63,26.6,323.29,0.46,25.75
Punjab,Patiala,Sandy,7.27,153.95,35.92,175.35,0.81,18.41
Punjab,Patiala,Clay,6.93,344.5,50.79,171.81,0.9,43.36
Punjab,Patiala,Clay,7.68,377.19,59.53,210.33,1.07,15.93
Punjab,Patiala,Black Cotton,8.04,256.57,26.48,292.48,0.83,41.98
Punjab,Patiala,Loamy,7.32,166.42,36.5,276.62,0.96,24.76
Punjab,Patiala,Red Soil,7.09,263.43,56.33,169.84,1.14,40.58
Punjab,Patiala,Alluvial,8.13,287.83,71.93,236.01,1.37,27.41
Punjab,Patiala,Black Cotton,6.7,332.4,38.75,212.5,0.61,43.61
Punjab,Patiala,Alluvial,8.27,166.78,69.91,168.65,0.42,37.16
Punjab,Patiala,Sandy,7.17,296.62,53.7,215.93,0.45,25.61
Punjab,Patiala,Alluvial,8.32,255.73,74.95,160.29,0.65,24.37
Punjab,Patiala,Clay,7.23,203.18,59.4,194.85,0.43,40.36
Punjab,Patiala,Loamy,5.84,219.64,33.57,235.82,0.97,38.02
Punjab,Patiala,Red Soil,7.34,310.67,21.58,335.82,1.3,23.02
Punjab,Patiala,Sandy,6.32,340.6,75.29,220.2,0.52,19.3
Punjab,Patiala,Alluvial,6.7,185.47,57.99,156.13,1.2,21.45
Punjab,Patiala,Black Cotton,6.86,189.35,38.7,214.88,1.43,32.89
Punjab,Patiala,Clay,5.97,338.61,22.99,166.32,0.83,27.72
Punjab,Patiala,Red Soil,6.83,218.29,65.3,172.76,0.82,23.5
Punjab,Patiala,Alluvial,7.28,281.73,38.51,194.1,1.48,16.64
Punjab,Patiala,Sandy,6.4,202.81,28.23,201.1,0.69,15.23
Punjab,Patiala,Alluvial,6.79,182.3,51.95,196.02,0.97,35.04
Punjab,Patiala,Loamy,5.72,365.44,22.54,153.75,1.41,40.86
Punjab,Patiala,Red Soil,6.79,251.11,58.41,207.9,0.79,43.99
Punjab,Patiala,Sandy,7.9,304.53,69.92,333.95,0.41,40.33
Punjab,Patiala,Sandy,6.81,250.11,24.72,324.1,1.19,21.65
Punjab,Patiala,Sandy,5.73,308.31,51.84,188.78,1.23,25.53
Punjab,Patiala,Alluvial,7.95,209.07,28.79,189.45,1.02,37.81
Punjab,Patiala,Alluvial,5.73,387.82,57.68,242.79,0.98,32.38
Punjab,Patiala,Alluvial,8.27,291.12,58.12,274.9,1.34,33.82
Punjab,Patiala,Sandy,6.82,267.23,57.88,309.27,1.01,25.56
Punjab,Patiala,Clay,6.43,262.98,23.41,316.34,0.39,40.93
Punjab,Patiala,Clay,7.35,276.77,47.76,260.86,1.25,41.88
Punjab,Patiala,Black Cotton,8.23,292.91,31.29,271.0,0.9,43.73
Punjab,Patiala,Black Cotton,5.81,374.78,40.61,292.86,0.91,20.18
Punjab,Patiala,Sandy,7.62,397.75,51.44,271.96,0.74,42.54
Punjab,Patiala,Black Cotton,6.73,234.59,55.87,307.85,1.08,16.98
Punjab,Patiala,Clay,7.17,246.64,35.12,320.31,1.46,33.08
Punjab,Patiala,Sandy,6.5,295.68,28.49,219.96,1.46,35.95
Punjab,Patiala,Black Cotton,5.89,327.21,25.08,261.78,1.07,24.85
Punjab,Patiala,Sandy,7.51,357.24,64.33,287.08,0.93,34.38
Punjab,Patiala,Black Cotton,7.03,154.56,38.53,340.23,0.71,37.98
Punjab,Patiala,Sandy,6.18,184.39,24.63,318.89,0.42,38.13
Punjab,Patiala,Alluvial,8.15,159.44,40.21,303.26,0.46,26.3
Punjab,Patiala,Sandy,6.04,323.21,57.48,330.53,1.17,16.31
Haryana,Karnal,Loamy,7.53,209.38,46.65,206.99,1.2,28.47
Haryana,Karnal,Red Soil,6.22,391.4,67.06,330.79,0.53,35.35
Haryana,Karnal,Red Soil,8.45,265.42,36.91,226.37,0.93,43.99
Haryana,Karnal,Sandy,7.9,184.6,35.0,278.24,1.35,31.64
Haryana,Karnal,Clay,7.63,278.98,27.48,166.78,0.49,28.48
Haryana,Karnal,Red Soil,5.94,259.37,76.78,194.41,0.84,25.49
Haryana,Karnal,Clay,6.74,249.11,42.44,227.23,0.4,21.74
Haryana,Karnal,Loamy,8.29,359.79,59.0,308.28,0.47,23.61
Haryana,Karnal,Black Cotton,7.59,184.7,62.33,239.72,0.31,17.38
Haryana,Karnal,Loamy,6.15,187.38,76.41,271.78,0.81,38.29
Haryana,Karnal,Sandy,6.4,161.94,45.19,308.78,0.85,18.33
Haryana,Karnal,Black Cotton,7.29,154.11,50.92,198.39,0.47,27.88
Haryana,Karnal,Red Soil,6.56,292.67,31.24,283.64,0.93,25.82
Haryana,Karnal,Red Soil,7.13,346.6,50.46,154.07,1.35,16.31
Haryana,Karnal,Black Cotton,8.44,213.41,20.97,307.7,0.71,36.99
Haryana,Karnal,Alluvial,5.81,295.48,65.4,176.68,0.72,25.16
Haryana,Karnal,Alluvial,6.03,344.79,47.88,289.08,1.06,39.34
Haryana,Karnal,Clay,7.65,385.9,22.22,190.32,1.25,41.57
Haryana,Karnal,Loamy,8.3,278.85,79.35,258.61,0.6,37.6
Haryana,Karnal,Sandy,6.36,365.53,22.87,281.15,0.63,38.98
Haryana,Karnal,Black Cotton,8.17,335.83,73.68,227.33,1.47,29.89
Haryana,Karnal,Black Cotton,6.6,349.32,36.0,166.52,0.81,27.92
Haryana,Karnal,Sandy,7.14,230.3,24.8,282.18,0.67,33.08
Haryana,Karnal,Black Cotton,6.0,260.98,46.83,295.36,1.39,33.45
Haryana,Karnal,Black Cotton,6.32,395.01,76.87,165.01,1.07,25.9
Haryana,Karnal,Alluvial,7.54,388.2,28.57,271.51,1.24,16.04
Haryana,Karnal,Clay,6.21,311.29,41.73,339.89,0.34,19.6
Haryana,Karnal,Black Cotton,8.35,243.0,65.79,264.78,0.94,26.94
Haryana,Karnal,Alluvial,6.34,390.13,21.55,187.21,0.92,42.41
Haryana,Karnal,Clay,6.29,215.07,46.78,349.27,0.64,42.49
Haryana,Karnal,Black Cotton,6.1,183.93,24.44,184.53,1.16,44.92
Haryana,Karnal,Alluvial,8.4,396.64,60.07,291.91,0.96,23.71
Haryana,Karnal,Loamy,8.05,327.95,75.64,277.54,1.25,30.26
Haryana,Karnal,Clay,8.46,348.02,34.2,248.8,0.73,32.17
Haryana,Karnal,Black Cotton,7.91,287.91,56.72,167.24,0.67,44.99
Haryana,Karnal,Alluvial,6.94,252.7,44.57,264.98,0.45,24.51
Haryana,Karnal,Clay,6.85,320.03,40.67,325.59,1.24,34.19
Haryana,Karnal,Sandy,7.8,182.26,50.17,323.64,1.3,30.54
Haryana,Karnal,Loamy,5.99,230.67,62.56,219.2,1.43,41.85
Haryana,Karnal,Clay,6.25,308.76,53.05,175.03,0.66,31.0
Haryana,Karnal,Red Soil,7.42,297.95,54.84,184.24,1.05,42.06
Haryana,Karnal,Loamy,8.03,290.9,69.51,155.67,0.35,34.24
Haryana,Karnal,Red Soil,6.29,202.7,54.33,273.62,0.34,41.67
Haryana,Karnal,Red Soil,6.37,389.16,48.98,310.94,1.12,23.92
Haryana,Karnal,Clay,7.57,189.52,44.94,242.89,0.71,19.31
Haryana,Karnal,Alluvial,6.46,397.01,40.72,229.74,1.21,30.45
Haryana,Karnal,Clay,6.46,266.62,36.05,199.58,0.42,23.71
Haryana,Karnal,Black Cotton,8.09,254.53,77.76,330.46,1.28,43.01
Haryana,Karnal,Alluvial,6.44,340.78,49.9,252.94,0.9,24.26
Haryana,Karnal,Clay,5.77,248.31,47.43,198.15,1.0,16.46
Haryana,Hisar,Loamy,6.98,370.58,59.26,244.12,0.94,40.42
Haryana,Hisar,Black Cotton,5.9,216.12,41.95,230.65,0.35,16.53
Haryana,Hisar,Red Soil,6.08,288.31,24.41,250.85,1.22,23.39
Haryana,Hisar,Red Soil,7.54,179.7,78.5,228.78,1.25,25.17
Haryana,Hisar,Loamy,7.76,199.76,50.55,250.02,0.35,19.11
Haryana,Hisar,Loamy,7.91,279.83,28.94,328.63,0.47,42.94
Haryana,Hisar,Loamy,5.99,397.65,64.36,209.85,0.7,39.85
Haryana,Hisar,Red Soil,6.97,290.73,48.49,153.33,0.7,18.29
Haryana,Hisar,Black Cotton,7.25,349.19,63.52,287.61,0.33,29.24
Haryana,Hisar,Alluvial,7.85,344.04,54.66,294.28,1.0,20.12
Haryana,Hisar,Alluvial,7.66,343.65,42.81,314.33,0.59,32.18
Haryana,Hisar,Alluvial,5.83,154.73,38.82,180.29,1.13,27.31
Haryana,Hisar,Red Soil,8.26,368.2,64.15,162.46,0.47,21.22
Haryana,Hisar,Loamy,8.49,269.59,42.61,341.34,0.85,30.99
Haryana,Hisar,Red Soil,6.56,343.0,63.26,278.66,1.13,33.3
Haryana,Hisar,Sandy,8.37,219.75,37.91,338.3,1.48,38.14
Haryana,Hisar,Alluvial,6.12,326.25,39.02,219.76,1.42,38.86
Haryana,Hisar,Loamy,6.36,293.37,52.59,329.15,0.77,25.35
Haryana,Hisar,Sandy,6.37,221.91,62.85,219.27,0.83,22.69
Haryana,Hisar,Black Cotton,6.14,356.99,36.27,262.4,0.63,18.28
Haryana,Hisar,Alluvial,7.26,210.61,60.19,256.21,1.07,16.57
Haryana,Hisar,Black Cotton,6.49,268.1,60.87,177.49,1.46,44.34
Haryana,Hisar,Sandy,6.72,383.76,72.7,245.49,0.54,43.92
Haryana,Hisar,Loamy,6.36,164.79,66.12,280.46,0.58,37.16
Haryana,Hisar,Clay,8.24,193.77,72.93,185.16,1.4,44.92
Haryana,Hisar,Black Cotton,7.86,196.58,64.94,324.46,0.65,16.12
Haryana,Hisar,Loamy,7.2,176.83,78.98,206.91,1.49,31.3
Haryana,Hisar,Black Cotton,8.17,183.55,50.25,204.57,1.27,24.92
Haryana,Hisar,Alluvial,6.88,214.32,31.17,297.32,1.25,32.03
Haryana,Hisar,Sandy,6.03,364.04,73.82,315.4,0.92,17.6
Haryana,Hisar,Alluvial,5.79,395.42,48.65,337.17,0.31,26.51
Haryana,Hisar,Black Cotton,7.76,388.51,38.12,294.58,0.31,34.61
Haryana,Hisar,Alluvial,6.21,316.95,47.92,181.94,1.12,42.69
Haryana,Hisar,Alluvial,7.81,322.57,58.32,338.13,0.74,21.63
Haryana,Hisar,Sandy,6.93,263.74,79.33,224.72,1.14,42.38
Haryana,Hisar,Red Soil,7.91,356.4,65.71,286.07,1.01,38.62
Haryana,Hisar,Red Soil,6.84,325.94,24.69,262.83,0.37,31.43
Haryana,Hisar,Red Soil,6.11,284.17,29.87,320.9,0.83,35.41
Haryana,Hisar,Alluvial,7.25,172.74,50.62,311.74,0.84,30.4
Haryana,Hisar,Black Cotton,7.19,289.7,60.37,211.63,0.33,22.63
Haryana,Hisar,Clay,7.74,294.58,22.72,218.91,0.38,44.82
Haryana,Hisar,Clay,8.46,268.02,37.23,186.0,0.46,34.25
Haryana,Hisar,Alluvial,7.44,255.09,79.57,226.5,1.34,42.2
Haryana,Hisar,Black Cotton,5.74,391.04,72.47,176.6,1.33,18.56
Haryana,Hisar,Red Soil,6.68,181.84,78.72,316.96,1.21,44.35
Haryana,Hisar,Black Cotton,7.52,286.11,51.92,314.67,0.6,25.38
Haryana,Hisar,Loamy,6.07,368.8,65.93,156.44,1.09,33.45
Haryana,Hisar,Clay,6.22,166.82,55.64,239.29,1.11,41.17
Haryana,Hisar,Sandy,7.72,250.57,34.06,193.45,1.34,16.69
Haryana,Hisar,Red Soil,8.48,208.54,74.98,265.22,0.99,38.18
Haryana,Ambala,Loamy,6.21,369.06,79.14,254.25,0.8,23.25
Haryana,Ambala,Red Soil,8.35,369.93,74.69,275.2,0.81,29.87
Haryana,Ambala,Loamy,8.32,317.84,67.15,213.75,0.8,19.48
Haryana,Ambala,Black Cotton,6.05,284.48,34.46,195.07,1.33,19.33
Haryana,Ambala,Black Cotton,8.24,290.6,78.07,261.46,0.46,22.29
Haryana,Ambala,Sandy,6.49,169.77,46.99,224.22,0.94,39.88
Haryana,Ambala,Clay,6.31,318.42,56.18,324.72,0.53,37.85
Haryana,Ambala,Alluvial,7.51,204.25,32.53,331.41,0.66,42.27
Haryana,Ambala,Sandy,8.31,390.52,27.04,349.91,0.87,22.28
Haryana,Ambala,Red Soil,7.61,249.16,34.36,214.32,0.64,28.99
Haryana,Ambala,Alluvial,6.58,215.39,50.77,249.46,0.42,44.44
Haryana,Ambala,Black Cotton,7.78,230.06,32.19,212.58,0.35,40.92
Haryana,Ambala,Alluvial,5.94,215.19,76.09,265.83,0.8,19.57
Haryana,Ambala,Loamy,6.19,292.45,34.74,260.13,1.43,25.13
Haryana,Ambala,Black Cotton,8.4,310.42,49.44,183.65,1.25,20.08
Haryana,Ambala,Alluvial,7.14,196.01,73.36,348.06,1.45,30.72
Haryana,Ambala,Clay,8.34,317.05,65.86,232.48,1.31,21.94
Haryana,Ambala,Alluvial,5.95,204.68,47.36,162.09,1.07,43.02
Haryana,Ambala,Black Cotton,7.48,153.93,51.93,232.27,0.32,36.67
Haryana,Ambala,Red Soil,8.43,154.29,68.79,284.81,1.27,42.29
Haryana,Ambala,Clay,8.25,281.1,34.46,273.96,0.6,25.63
Haryana,Ambala,Black Cotton,5.74,389.82,47.54,198.64,1.14,24.0
Haryana,Ambala,Clay,7.46,364.55,65.58,168.7,0.76,31.58
Haryana,Ambala,Clay,7.41,325.71,24.96,319.07,1.07,24.94
Haryana,Ambala,Clay,8.18,379.79,33.79,330.25,1.13,32.0
Haryana,Ambala,Loamy,5.64,168.59,75.54,329.86,0.98,15.99
Haryana,Ambala,Loamy,5.55,201.79,28.65,314.14,1.29,42.87
Haryana,Ambala,Loamy,5.99,210.12,70.08,227.83,1.38,24.95
Haryana,Ambala,Alluvial,5.92,397.12,63.45,250.16,1.47,16.61
Haryana,Ambala,Black Cotton,6.2,169.0,56.31,272.77,1.01,44.07
Haryana,Ambala,Loamy,5.59,218.33,79.56,248.12,0.73,43.23
Haryana,Ambala,Black Cotton,6.06,296.47,42.8,304.43,0.65,22.39
Haryana,Ambala,Clay,5.75,188.56,62.7,276.78,1.19,24.5
Haryana,Ambala,Clay,5.77,385.74,46.68,302.27,0.42,17.62
Haryana,Ambala,Black Cotton,6.85,288.69,44.48,155.25,0.72,17.79
Haryana,Ambala,Red Soil,7.85,365.93,20.74,232.76,1.24,36.75
Haryana,Ambala,Red Soil,8.22,394.54,54.32,183.92,0.76,19.17
Haryana,Ambala,Loamy,6.31,186.48,30.03,205.19,0.66,38.48
Haryana,Ambala,Loamy,6.26,211.65,57.5,268.76,0.53,18.21
Haryana,Ambala,Loamy,5.52,248.92,70.5,225.98,1.33,28.21
Haryana,Ambala,Black Cotton,7.95,364.88,78.45,177.22,0.68,43.42
Haryana,Ambala,Sandy,6.94,194.41,43.89,213.83,1.18,33.99
Haryana,Ambala,Red Soil,7.85,231.47,36.82,307.17,0.74,42.96
Haryana,Ambala,Sandy,7.28,286.41,60.9,260.02,1.44,28.85
Haryana,Ambala,Alluvial,6.13,349.42,69.88,163.83,1.32,38.85
Haryana,Ambala,Alluvial,7.0,308.33,34.52,281.73,1.16,38.67
Haryana,Ambala,Clay,6.85,299.48,54.93,256.87,1.41,41.09
Haryana,Ambala,Black Cotton,7.13,347.68,41.57,329.1,0.94,34.15
Haryana,Ambala,Clay,5.83,212.06,59.88,183.27,1.04,31.9
Haryana,Ambala,Alluvial,7.53,249.9,65.16,343.14,0.82,15.32
Haryana,Rohtak,Loamy,6.17,336.71,53.48,287.53,0.57,26.22
Haryana,Rohtak,Black Cotton,7.82,297.15,50.03,218.99,0.33,18.14
Haryana,Rohtak,Black Cotton,8.26,171.46,69.88,296.03,0.72,25.29
Haryana,Rohtak,Sandy,7.06,237.08,25.86,294.4,0.84,17.02
Haryana,Rohtak,Clay,7.93,178.77,70.95,279.59,1.11,19.93
Haryana,Rohtak,Alluvial,6.23,193.61,29.61,261.97,1.45,21.96
Haryana,Rohtak,Black Cotton,7.39,196.6,59.44,229.12,1.18,41.49
Haryana,Rohtak,Black Cotton,7.28,247.21,62.28,191.16,1.2,39.26
Haryana,Rohtak,Clay,7.23,349.88,52.21,223.16,0.54,18.42
Haryana,Rohtak,Alluvial,8.09,281.93,58.35,269.39,1.03,32.61
Haryana,Rohtak,Loamy,6.56,264.47,30.35,284.72,1.26,42.56
Haryana,Rohtak,Red Soil,5.75,183.49,27.07,211.08,0.52,35.8
Haryana,Rohtak,Red Soil,6.67,299.11,54.49,234.61,0.88,31.12
Haryana,Rohtak,Alluvial,8.29,193.31,30.01,207.77,0.52,40.26
Haryana,Rohtak,Red Soil,5.66,239.76,20.58,177.31,1.28,43.91
Haryana,Rohtak,Red Soil,7.46,252.28,49.5,292.03,0.83,20.02
Haryana,Rohtak,Red Soil,5.59,340.26,37.53,204.97,0.95,20.05
Haryana,Rohtak,Black Cotton,7.2,343.14,49.72,252.16,0.99,23.04
Haryana,Rohtak,Red Soil,7.97,241.72,69.36,158.32,1.16,31.39
Haryana,Rohtak,Black Cotton,5.81,357.52,65.08,209.54,1.5,28.49
Haryana,Rohtak,Loamy,8.09,171.75,71.92,173.48,1.27,21.3
Haryana,Rohtak,Alluvial,7.26,237.66,62.65,276.55,0.5,19.18
Haryana,Rohtak,Sandy,7.94,351.36,54.2,256.46,1.02,20.05
Haryana,Rohtak,Alluvial,6.38,293.18,77.14,252.88,1.38,39.46
Haryana,Rohtak,Sandy,8.39,346.42,75.13,348.5,1.34,18.81
Haryana,Rohtak,Sandy,6.25,327.85,69.71,302.29,1.11,29.68
Haryana,Rohtak,Red Soil,7.4,306.95,42.51,165.1,1.25,38.07
Haryana,Rohtak,Black Cotton,7.05,219.56,76.18,223.81,1.44,24.82
Haryana,Rohtak,Clay,8.11,361.79,25.59,344.43,1.06,35.92
Haryana,Rohtak,Clay,7.89,249.43,78.09,314.97,0.89,24.69
Haryana,Rohtak,Loamy,6.51,294.48,53.97,247.07,0.71,35.48
Haryana,Rohtak,Clay,5.64,306.54,70.2,153.26,1.42,19.74
Haryana,Rohtak,Black Cotton,5.5,389.51,32.14,287.72,0.46,34.5
Haryana,Rohtak,Sandy,8.12,369.15,25.6,222.09,0.4,34.94
Haryana,Rohtak,Alluvial,6.0,249.09,38.33,289.89,0.58,34.66
Haryana,Rohtak,Alluvial,5.79,203.36,24.68,268.74,0.92,28.35
Haryana,Rohtak,Clay,7.59,354.28,79.29,234.46,0.46,17.12
Haryana,Rohtak,Black Cotton,5.77,351.49,26.19,223.51,0.66,26.48
Haryana,Rohtak,Sandy,7.42,319.28,24.1,262.66,1.03,19.92
Haryana,Rohtak,Loamy,7.67,307.02,29.08,232.34,1.12,40.8
Haryana,Rohtak,Clay,8.19,185.0,27.39,296.0,0.72,27.88
Haryana,Rohtak,Sandy,6.24,311.16,34.89,270.2,1.17,23.55
Haryana,Rohtak,Alluvial,5.58,361.77,72.55,191.09,1.03,20.66
Haryana,Rohtak,Black Cotton,6.39,163.64,73.87,340.93,0.89,18.38
Haryana,Rohtak,Black Cotton,7.41,167.75,73.32,152.41,0.73,24.49
Haryana,Rohtak,Black Cotton,8.08,292.1,41.92,286.59,1.22,43.63
Haryana,Rohtak,Clay,5.55,166.88,35.73,157.97,0.37,38.68
Haryana,Rohtak,Red Soil,6.36,328.16,66.03,234.72,0.78,34.22
Haryana,Rohtak,Red Soil,7.35,219.37,38.59,252.26,0.54,39.24
Haryana,Rohtak,Red Soil,6.48,296.61,65.79,279.97,1.07,24.31
Uttar Pradesh,Lucknow,Black Cotton,7.69,361.62,23.47,167.24,0.82,28.6
Uttar Pradesh,Lucknow,Red Soil,5.67,316.52,59.48,185.13,0.32,19.12
Uttar Pradesh,Lucknow,Clay,5.99,388.25,51.38,306.6,1.16,20.01
Uttar Pradesh,Lucknow,Sandy,7.75,368.37,63.98,173.61,1.38,25.05
Uttar Pradesh,Lucknow,Black Cotton,6.32,165.97,62.74,265.33,0.39,28.66
Uttar Pradesh,Lucknow,Loamy,5.67,364.84,30.01,181.46,1.23,41.83
Uttar Pradesh,Lucknow,Alluvial,7.67,207.1,50.53,158.81,1.34,22.34
Uttar Pradesh,Lucknow,Black Cotton,6.59,380.06,30.74,342.07,0.34,39.09
Uttar Pradesh,Lucknow,Alluvial,7.72,254.84,39.31,233.25,1.16,23.14
Uttar Pradesh,Lucknow,Clay,7.21,179.85,60.4,160.53,0.57,30.47
Uttar Pradesh,Lucknow,Clay,8.36,167.23,47.91,206.46,1.31,24.82
Uttar Pradesh,Lucknow,Red Soil,6.87,242.23,37.5,306.9,1.19,22.28
Uttar Pradesh,Lucknow,Loamy,7.28,273.34,66.36,189.08,1.38,37.81
Uttar Pradesh,Lucknow,Sandy,5.95,383.1,21.43,258.31,1.06,35.8
Uttar Pradesh,Lucknow,Clay,8.35,150.37,59.44,319.8,1.17,18.12
Uttar Pradesh,Lucknow,Red Soil,8.45,254.95,77.67,344.51,0.47,23.39
Uttar Pradesh,Lucknow,Clay,8.26,374.32,51.19,290.17,0.75,44.24
Uttar Pradesh,Lucknow,Clay,7.24,276.36,58.23,228.87,1.01,16.87
Uttar Pradesh,Lucknow,Alluvial,8.39,209.19,35.66,213.0,1.26,36.02
Uttar Pradesh,Lucknow,Alluvial,6.48,263.19,34.02,338.71,0.46,38.1
Uttar Pradesh,Lucknow,Clay,5.97,191.09,47.96,231.3,0.94,43.94
Uttar Pradesh,Lucknow,Sandy,6.86,265.84,71.15,168.08,1.27,24.13
Uttar Pradesh,Lucknow,Alluvial,7.59,160.08,70.16,215.56,0.41,22.45
Uttar Pradesh,Lucknow,Loamy,6.69,162.24,37.93,314.02,0.51,43.56
Uttar Pradesh,Lucknow,Black Cotton,7.17,287.53,25.68,170.38,1.25,18.64
Uttar Pradesh,Lucknow,Clay,7.99,395.64,27.84,314.73,0.75,33.91
Uttar Pradesh,Lucknow,Alluvial,5.75,296.53,75.05,165.0,1.5,20.93
Uttar Pradesh,Lucknow,Alluvial,6.83,182.2,74.3,315.87,0.7,16.28
Uttar Pradesh,Lucknow,Black Cotton,5.65,381.03,45.99,294.89,0.9,26.48
Uttar Pradesh,Lucknow,Black Cotton,6.02,203.68,31.23,205.97,1.36,16.04
Uttar Pradesh,Lucknow,Red Soil,7.35,311.82,49.93,326.56,0.87,17.63
Uttar Pradesh,Lucknow,Black Cotton,5.91,199.86,73.08,255.16,1.06,39.07
Uttar Pradesh,Lucknow,Clay,8.47,345.48,41.55,258.9,0.88,42.38
Uttar Pradesh,Lucknow,Red Soil,6.46,217.61,21.56,269.42,0.34,39.32
Uttar Pradesh,Lucknow,Loamy,5.68,397.88,51.77,303.37,1.5,44.22
Uttar Pradesh,Lucknow,Clay,6.24,210.29,52.02,308.25,1.18,37.92
Uttar Pradesh,Lucknow,Sandy,7.23,395.67,43.31,337.04,1.49,20.21
Uttar Pradesh,Lucknow,Sandy,7.28,351.55,61.86,332.8,0.33,36.02
Uttar Pradesh,Lucknow,Red Soil,7.19,290.78,31.29,347.6,1.36,29.77
Uttar Pradesh,Lucknow,Loamy,6.03,159.49,23.37,270.33,0.32,29.34
Uttar Pradesh,Lucknow,Loamy,8.25,200.37,27.83,293.39,1.4,40.33
Uttar Pradesh,Lucknow,Loamy,5.68,186.93,62.28,178.33,0.43,30.79
Uttar Pradesh,Lucknow,Loamy,8.38,243.4,76.52,229.12,0.42,24.05
Uttar Pradesh,Lucknow,Sandy,8.43,333.09,46.21,277.85,0.88,24.52
Uttar Pradesh,Lucknow,Alluvial,8.41,323.39,75.73,307.4,0.57,32.67
Uttar Pradesh,Lucknow,Sandy,6.64,333.5,37.67,185.54,0.3,36.06
Uttar Pradesh,Lucknow,Red Soil,6.67,398.57,77.91,156.48,1.02,42.63
Uttar Pradesh,Lucknow,Red Soil,6.16,291.39,76.2,178.13,1.19,22.14
Uttar Pradesh,Lucknow,Loamy,6.0,371.33,25.32,291.79,1.07,41.6
Uttar Pradesh,Lucknow,Black Cotton,5.53,202.42,61.59,220.1,1.24,36.61
Uttar Pradesh,Kanpur,Clay,6.66,333.15,78.15,326.91,0.89,26.36
Uttar Pradesh,Kanpur,Red Soil,6.63,357.2,67.32,265.61,1.21,21.77
Uttar Pradesh,Kanpur,Black Cotton,5.72,361.44,37.69,213.74,1.44,17.23
Uttar Pradesh,Kanpur,Sandy,8.16,190.23,24.5,338.37,1.47,25.14
Uttar Pradesh,Kanpur,Red Soil,8.18,326.13,45.88,280.73,1.03,28.03
Uttar Pradesh,Kanpur,Clay,5.8,201.39,31.4,289.44,1.17,36.9
Uttar Pradesh,Kanpur,Loamy,7.48,224.35,25.75,228.58,0.96,29.73
Uttar Pradesh,Kanpur,Clay,6.58,256.9,37.67,282.4,1.02,20.99
Uttar Pradesh,Kanpur,Clay,6.12,309.55,78.62,244.71,0.44,38.55
Uttar Pradesh,Kanpur,Black Cotton,6.97,315.26,25.47,258.83,0.52,41.56
Uttar Pradesh,Kanpur,Loamy,6.06,161.15,46.38,202.68,1.3,31.93
Uttar Pradesh,Kanpur,Sandy,7.76,316.87,25.14,218.76,0.95,44.12
Uttar Pradesh,Kanpur,Red Soil,6.18,165.25,43.23,254.52,1.46,35.61
Uttar Pradesh,Kanpur,Black Cotton,7.22,208.91,37.93,228.96,1.32,16.04
Uttar Pradesh,Kanpur,Red Soil,8.2,350.11,60.65,274.05,0.44,37.72
Uttar Pradesh,Kanpur,Sandy,8.35,191.79,32.71,188.55,0.35,17.35
Uttar Pradesh,Kanpur,Alluvial,6.81,399.32,57.63,316.82,0.61,42.32
Uttar Pradesh,Kanpur,Clay,5.76,289.09,53.12,321.32,0.92,42.51
Uttar Pradesh,Kanpur,Clay,7.86,305.76,51.35,233.92,0.8,19.45
Uttar Pradesh,Kanpur,Red Soil,7.25,391.21,26.01,171.13,1.24,38.57
Uttar Pradesh,Kanpur,Red Soil,8.14,369.47,35.85,280.96,0.99,29.19
Uttar Pradesh,Kanpur,Sandy,6.33,185.96,56.52,288.73,0.35,41.69
Uttar Pradesh,Kanpur,Loamy,7.57,162.32,48.51,203.72,0.75,25.14
Uttar Pradesh,Kanpur,Loamy,6.43,360.71,71.49,286.97,1.47,21.84
Uttar Pradesh,Kanpur,Loamy,8.42,260.78,69.55,203.88,0.8,34.37
Uttar Pradesh,Kanpur,Sandy,6.83,378.36,44.43,246.89,0.92,26.22
Uttar Pradesh,Kanpur,Clay,7.05,189.74,38.67,251.36,0.46,40.54
Uttar Pradesh,Kanpur,Red Soil,5.59,198.19,69.98,317.4,0.6,28.69
Uttar Pradesh,Kanpur,Loamy,7.61,218.49,69.41,251.03,1.06,18.72
Uttar Pradesh,Kanpur,Clay,6.23,272.2,46.77,342.1,0.87,31.54
Uttar Pradesh,Kanpur,Loamy,5.99,373.62,64.94,287.77,0.64,26.6
Uttar Pradesh,Kanpur,Sandy,8.06,344.96,32.86,194.27,0.57,21.2
Uttar Pradesh,Kanpur,Alluvial,6.73,155.01,66.82,303.51,0.31,42.35
Uttar Pradesh,Kanpur,Alluvial,6.02,350.22,33.43,271.67,1.43,36.38
Uttar Pradesh,Kanpur,Alluvial,7.43,255.95,42.59,219.74,0.6,29.0
Uttar Pradesh,Kanpur,Alluvial,7.06,305.9,55.07,151.47,1.5,43.99
Uttar Pradesh,Kanpur,Loamy,7.18,298.44,36.96,286.88,0.88,25.09
Uttar Pradesh,Kanpur,Loamy,7.42,365.37,35.67,292.22,1.37,23.96
Uttar Pradesh,Kanpur,Sandy,7.05,210.08,23.41,321.46,1.27,27.12
Uttar Pradesh,Kanpur,Loamy,7.54,330.32,59.32,349.49,0.61,27.56
Uttar Pradesh,Kanpur,Black Cotton,7.71,295.76,79.69,313.2,0.71,36.4
Uttar Pradesh,Kanpur,Alluvial,7.1,346.22,74.39,284.37,0.91,40.36
Uttar Pradesh,Kanpur,Alluvial,8.13,195.28,25.86,175.59,0.61,39.25
Uttar Pradesh,Kanpur,Sandy,8.34,374.9,59.27,194.45,0.57,41.14
Uttar Pradesh,Kanpur,Black Cotton,7.86,232.83,35.63,208.81,1.32,29.12
Uttar Pradesh,Kanpur,Alluvial,7.25,386.08,24.27,327.89,0.9,41.02
Uttar Pradesh,Kanpur,Black Cotton,7.09,253.28,72.25,180.16,1.49,25.28
Uttar Pradesh,Kanpur,Red Soil,8.18,396.66,28.59,322.48,0.52,17.42
Uttar Pradesh,Kanpur,Loamy,7.39,194.21,58.07,150.94,0.63,37.84
Uttar Pradesh,Kanpur,Sandy,7.23,189.61,67.11,305.95,0.46,28.01
Uttar Pradesh,Agra,Black Cotton,6.71,391.33,43.0,157.55,0.54,26.19
Uttar Pradesh,Agra,Clay,8.18,339.21,51.86,153.58,0.3,37.01
Uttar Pradesh,Agra,Sandy,7.58,236.09,27.74,226.71,1.01,20.01
Uttar Pradesh,Agra,Clay,6.39,222.71,63.67,269.27,0.71,41.64
Uttar Pradesh,Agra,Sandy,6.53,375.35,41.56,187.69,1.44,42.55
Uttar Pradesh,Agra,Black Cotton,5.56,206.08,79.09,192.24,0.33,30.14
Uttar Pradesh,Agra,Clay,6.6,312.64,22.24,325.31,0.61,31.04
Uttar Pradesh,Agra,Clay,7.28,161.99,26.49,317.22,0.36,18.47
Uttar Pradesh,Agra,Black Cotton,6.64,286.82,48.46,180.63,1.13,33.91
Uttar Pradesh,Agra,Loamy,6.76,175.24,51.22,274.56,1.14,27.56
Uttar Pradesh,Agra,Clay,7.03,304.42,36.96,306.95,0.9,33.27
Uttar Pradesh,Agra,Loamy,7.99,393.28,41.48,231.95,0.49,31.44
Uttar Pradesh,Agra,Sandy,7.56,270.17,34.07,152.55,0.41,18.31
Uttar Pradesh,Agra,Red Soil,7.51,187.29,25.4,252.34,1.17,18.04
Uttar Pradesh,Agra,Loamy,7.43,264.19,78.64,202.83,0.36,39.4
Uttar Pradesh,Agra,Clay,8.06,240.05,60.61,235.2,0.44,40.54
Uttar Pradesh,Agra,Clay,5.53,184.6,58.83,215.73,1.37,43.65
Uttar Pradesh,Agra,Loamy,8.14,173.24,68.9,186.57,0.78,43.87
Uttar Pradesh,Agra,Loamy,8.01,322.48,48.69,234.35,1.36,20.0
Uttar Pradesh,Agra,Sandy,7.59,164.66,76.55,181.88,0.8,32.72
Uttar Pradesh,Agra,Red Soil,7.54,195.32,42.79,221.72,0.33,35.53
Uttar Pradesh,Agra,Alluvial,8.42,182.66,75.22,172.59,0.79,16.38
Uttar Pradesh,Agra,Loamy,7.46,153.09,72.1,254.96,1.19,36.71
Uttar Pradesh,Agra,Sandy,8.43,317.46,40.3,254.62,1.14,17.86
Uttar Pradesh,Agra,Alluvial,7.68,270.48,59.82,278.28,0.48,39.79
Uttar Pradesh,Agra,Red Soil,5.66,310.85,29.42,319.77,1.32,41.08
Uttar Pradesh,Agra,Clay,7.75,230.16,39.85,205.63,0.91,31.51
Uttar Pradesh,Agra,Black Cotton,6.71,208.75,47.55,310.25,0.84,40.7
Uttar Pradesh,Agra,Black Cotton,6.45,395.17,64.71,153.55,0.78,16.07
Uttar Pradesh,Agra,Red Soil,5.5,172.72,56.25,273.81,0.67,30.25
Uttar Pradesh,Agra,Sandy,7.46,264.05,40.45,315.06,1.28,40.33
Uttar Pradesh,Agra,Loamy,7.18,304.94,48.39,281.43,1.16,18.42
Uttar Pradesh,Agra,Alluvial,6.17,235.34,69.79,342.89,0.65,30.66
Uttar Pradesh,Agra,Alluvial,5.82,374.22,49.55,314.37,1.19,27.28
Uttar Pradesh,Agra,Loamy,7.33,196.89,75.81,228.58,0.85,38.44
Uttar Pradesh,Agra,Alluvial,6.51,339.29,22.79,276.65,1.11,18.7
Uttar Pradesh,Agra,Black Cotton,6.87,297.33,50.25,342.77,0.31,37.09
Uttar Pradesh,Agra,Red Soil,8.31,359.7,48.98,251.67,1.41,20.32
Uttar Pradesh,Agra,Red Soil,6.02,353.81,26.21,281.5,1.03,24.66
Uttar Pradesh,Agra,Black Cotton,6.76,302.25,61.55,199.65,0.78,25.29
Uttar Pradesh,Agra,Loamy,6.86,183.34,44.76,290.0,1.2,23.97
Uttar Pradesh,Agra,Alluvial,7.14,228.48,64.21,260.72,0.56,21.29
Uttar Pradesh,Agra,Alluvial,6.37,236.32,60.34,346.27,1.08,43.75
Uttar Pradesh,Agra,Red Soil,7.13,309.22,62.62,302.16,0.97,32.48
Uttar Pradesh,Agra,Alluvial,7.63,318.56,73.63,256.78,1.35,27.67
Uttar Pradesh,Agra,Clay,7.07,156.32,28.72,284.05,0.54,37.51
Uttar Pradesh,Agra,Sandy,8.45,320.85,28.79,162.41,1.24,21.12
Uttar Pradesh,Agra,Red Soil,5.6,353.51,26.15,323.61,1.19,40.95
Uttar Pradesh,Agra,Alluvial,7.44,247.22,50.66,309.37,1.14,35.79
Uttar Pradesh,Agra,Clay,8.28,246.89,77.4,345.16,0.68,31.56
Uttar Pradesh,Varanasi,Clay,7.73,200.77,72.13,322.09,0.83,21.77
Uttar Pradesh,Varanasi,Alluvial,7.61,311.91,65.31,259.32,1.02,38.28
Uttar Pradesh,Varanasi,Sandy,6.38,194.36,60.96,187.4,0.51,30.42
Uttar Pradesh,Varanasi,Black Cotton,5.62,219.78,35.85,182.19,1.32,15.17
Uttar Pradesh,Varanasi,Black Cotton,7.63,188.7,29.22,214.53,0.36,42.97
Uttar Pradesh,Varanasi,Red Soil,8.03,225.29,67.39,260.03,0.39,36.23
Uttar Pradesh,Varanasi,Red Soil,6.16,195.97,24.09,251.03,0.8,31.11
Uttar Pradesh,Varanasi,Clay,6.55,370.85,59.8,216.21,0.65,43.51
Uttar Pradesh,Varanasi,Red Soil,7.09,399.16,69.42,346.23,0.31,35.07
Uttar Pradesh,Varanasi,Black Cotton,6.22,310.57,75.12,198.77,0.35,41.57
Uttar Pradesh,Varanasi,Black Cotton,8.25,386.25,43.15,258.05,0.64,42.34
Uttar Pradesh,Varanasi,Loamy,7.04,277.18,49.21,209.29,1.08,24.61
Uttar Pradesh,Varanasi,Clay,8.34,191.85,77.38,257.59,0.31,16.96
Uttar Pradesh,Varanasi,Alluvial,7.39,203.29,61.12,317.13,0.55,39.86
Uttar Pradesh,Varanasi,Alluvial,7.83,311.64,76.39,299.38,0.48,28.78
Uttar Pradesh,Varanasi,Loamy,5.61,168.31,30.68,200.38,0.38,39.65
Uttar Pradesh,Varanasi,Loamy,6.72,262.78,44.27,213.28,0.77,18.55
Uttar Pradesh,Varanasi,Clay,7.42,304.59,65.36,267.12,1.14,17.18
Uttar Pradesh,Varanasi,Red Soil,5.82,346.72,38.08,167.3,1.22,28.13
Uttar Pradesh,Varanasi,Black Cotton,7.97,157.7,29.38,193.97,1.2,38.9
Uttar Pradesh,Varanasi,Red Soil,6.38,308.51,37.88,327.4,1.46,41.01
Uttar Pradesh,Varanasi,Alluvial,6.62,387.37,53.21,261.01,0.45,15.15
Uttar Pradesh,Varanasi,Red Soil,6.68,286.88,25.11,192.01,1.19,36.78
Uttar Pradesh,Varanasi,Sandy,6.74,311.48,50.75,182.19,0.56,40.04
Uttar Pradesh,Varanasi,Sandy,5.84,317.74,54.04,160.88,1.2,44.7
Uttar Pradesh,Varanasi,Red Soil,6.88,287.42,37.44,163.47,0.42,36.77
Uttar Pradesh,Varanasi,Black Cotton,8.35,239.28,60.28,196.91,0.64,17.09
Uttar Pradesh,Varanasi,Sandy,6.45,262.66,56.98,211.14,1.0,31.97
Uttar Pradesh,Varanasi,Loamy,7.92,389.66,30.12,212.64,1.24,36.37
Uttar Pradesh,Varanasi,Alluvial,6.81,360.03,28.06,296.59,1.35,28.89
Uttar Pradesh,Varanasi,Loamy,7.82,271.74,26.53,279.11,0.4,23.42
Uttar Pradesh,Varanasi,Sandy,8.17,199.11,64.01,275.32,1.17,41.76
Uttar Pradesh,Varanasi,Red Soil,7.39,353.16,54.73,303.84,0.56,16.1
Uttar Pradesh,Varanasi,Loamy,7.13,399.68,48.33,305.04,0.74,21.7
Uttar Pradesh,Varanasi,Red Soil,7.7,222.75,47.88,252.08,0.78,30.07
Uttar Pradesh,Varanasi,Alluvial,6.22,391.0,78.91,286.83,1.21,19.21
Uttar Pradesh,Varanasi,Sandy,6.04,387.18,59.56,343.55,1.18,29.51
Uttar Pradesh,Varanasi,Loamy,5.62,340.37,33.9,202.87,0.58,35.06
Uttar Pradesh,Varanasi,Red Soil,8.22,240.31,48.18,240.93,0.36,44.42
Uttar Pradesh,Varanasi,Loamy,5.81,392.11,58.01,204.7,1.19,32.36
Uttar Pradesh,Varanasi,Red Soil,6.02,313.42,41.92,280.67,1.3,30.5
Uttar Pradesh,Varanasi,Black Cotton,8.42,205.72,44.35,313.45,0.71,38.78
Uttar Pradesh,Varanasi,Red Soil,5.52,370.51,46.39,196.0,0.92,23.42
Uttar Pradesh,Varanasi,Sandy,6.06,240.56,63.04,173.67,0.58,39.34
Uttar Pradesh,Varanasi,Alluvial,5.84,318.81,48.74,268.16,1.08,27.33
Uttar Pradesh,Varanasi,Sandy,5.63,293.37,29.67,275.91,0.35,32.17
Uttar Pradesh,Varanasi,Clay,6.0,380.61,51.0,231.09,1.46,34.13
Uttar Pradesh,Varanasi,Alluvial,7.68,355.33,76.84,193.32,1.03,29.14
Uttar Pradesh,Varanasi,Black Cotton,6.01,357.59,56.05,308.92,1.28,20.46
Uttar Pradesh,Varanasi,Alluvial,7.03,191.93,61.14,334.47,1.02,17.07
Maharashtra,Pune,Black Cotton,6.66,177.14,32.14,321.92,0.91,27.59
Maharashtra,Pune,Sandy,7.32,194.36,74.1,269.96,1.35,30.94
Maharashtra,Pune,Clay,5.78,314.85,74.12,257.86,0.3,43.13
Maharashtra,Pune,Alluvial,7.45,280.51,42.22,158.69,0.94,21.88
Maharashtra,Pune,Black Cotton,7.87,245.31,55.34,298.28,1.21,35.9
Maharashtra,Pune,Clay,6.78,213.63,65.95,332.02,0.4,32.95
Maharashtra,Pune,Red Soil,6.73,197.26,62.55,307.88,0.99,18.53
Maharashtra,Pune,Clay,6.63,201.35,68.26,231.77,0.43,27.78
Maharashtra,Pune,Red Soil,6.26,363.74,45.41,223.13,0.63,35.42
Maharashtra,Pune,Sandy,6.74,345.95,48.95,224.04,0.97,22.61
Maharashtra,Pune,Loamy,7.23,343.55,43.89,177.61,1.34,18.57
Maharashtra,Pune,Sandy,6.84,324.83,29.71,192.89,0.78,25.15
Maharashtra,Pune,Red Soil,7.34,321.14,23.12,227.82,1.06,39.13
Maharashtra,Pune,Sandy,6.92,300.06,25.29,202.62,0.75,33.27
Maharashtra,Pune,Alluvial,6.65,396.11,56.84,254.2,1.15,32.92
Maharashtra,Pune,Sandy,7.42,259.74,32.1,281.38,1.26,23.58
Maharashtra,Pune,Clay,7.85,277.64,61.91,273.04,1.11,25.79
Maharashtra,Pune,Alluvial,5.5,189.36,79.81,305.93,0.72,26.85
Maharashtra,Pune,Red Soil,6.1,153.84,62.22,333.84,0.96,36.78
Maharashtra,Pune,Red Soil,8.25,237.02,77.8,205.3,1.03,20.84
Maharashtra,Pune,Black Cotton,7.22,215.28,44.43,171.29,0.39,23.83
Maharashtra,Pune,Clay,7.91,389.18,72.57,312.63,0.99,35.83
Maharashtra,Pune,Black Cotton,7.19,342.49,65.45,342.25,0.85,28.82
Maharashtra,Pune,Red Soil,8.09,270.49,35.47,226.53,1.25,21.61
Maharashtra,Pune,Alluvial,6.19,228.93,77.33,253.3,0.31,39.97
Maharashtra,Pune,Sandy,6.36,249.73,64.93,218.4,0.97,20.35
Maharashtra,Pune,Loamy,6.56,373.58,36.14,339.42,1.12,42.3
Maharashtra,Pune,Black Cotton,7.71,208.72,34.52,203.08,0.58,40.05
Maharashtra,Pune,Red Soil,6.57,344.73,27.19,165.7,1.45,29.78
Maharashtra,Pune,Clay,7.79,285.37,22.54,246.46,1.04,29.77
Maharashtra,Pune,Red Soil,8.11,272.7,79.06,333.2,0.64,21.66
Maharashtra,Pune,Red Soil,5.88,281.43,45.39,337.93,0.34,25.42
Maharashtra,Pune,Alluvial,7.83,264.3,27.22,253.64,0.68,15.25
Maharashtra,Pune,Alluvial,6.13,295.25,39.53,272.56,0.61,31.46
Maharashtra,Pune,Sandy,6.31,389.63,40.59,186.78,0.81,27.57
Maharashtra,Pune,Loamy,6.6,250.15,47.04,264.28,1.48,35.58
Maharashtra,Pune,Clay,7.66,351.02,53.32,321.26,0.54,39.0
Maharashtra,Pune,Alluvial,5.95,351.42,30.6,249.92,1.49,40.48
Maharashtra,Pune,Red Soil,7.1,228.93,49.2,200.19,1.33,16.43
Maharashtra,Pune,Clay,7.57,165.01,68.83,245.31,1.06,28.5
Maharashtra,Pune,Loamy,6.28,240.08,53.45,312.0,0.71,27.35
Maharashtra,Pune,Loamy,8.1,390.78,31.94,265.18,1.08,20.24
Maharashtra,Pune,Loamy,6.57,318.3,49.25,297.31,1.37,26.43
Maharashtra,Pune,Loamy,6.89,389.15,72.1,278.12,1.41,27.65
Maharashtra,Pune,Red Soil,7.21,362.23,24.28,182.4,0.57,24.51
Maharashtra,Pune,Loamy,7.63,301.35,43.73,327.54,1.24,43.16
Maharashtra,Pune,Alluvial,7.26,391.38,44.84,186.78,0.33,36.83
Maharashtra,Pune,Alluvial,6.25,335.97,64.98,192.11,0.78,17.87
Maharashtra,Pune,Black Cotton,7.15,156.59,43.82,303.0,0.4,22.87
Maharashtra,Pune,Sandy,5.75,382.9,43.39,195.87,1.19,28.29
Maharashtra,Nagpur,Sandy,5.89,359.63,21.71,282.71,1.33,24.76
Maharashtra,Nagpur,Black Cotton,6.9,367.72,76.09,259.71,0.46,43.45
Maharashtra,Nagpur,Red Soil,6.03,299.4,57.86,277.17,0.98,30.7
Maharashtra,Nagpur,Alluvial,7.1,377.23,48.9,195.43,0.41,24.24
Maharashtra,Nagpur,Black Cotton,6.28,225.89,20.01,313.08,1.32,25.32
Maharashtra,Nagpur,Black Cotton,7.11,321.94,49.52,301.09,0.66,37.98
Maharashtra,Nagpur,Loamy,7.29,349.19,52.89,187.71,1.36,28.11
Maharashtra,Nagpur,Sandy,5.99,334.28,43.38,225.67,0.62,27.67
Maharashtra,Nagpur,Sandy,7.05,349.99,56.79,288.78,0.63,34.45
Maharashtra,Nagpur,Red Soil,7.93,253.23,71.21,186.48,0.65,34.11
Maharashtra,Nagpur,Red Soil,6.86,325.12,49.52,214.13,0.48,44.09
Maharashtra,Nagpur,Clay,6.06,175.57,36.15,293.04,1.17,21.98
Maharashtra,Nagpur,Sandy,5.54,204.3,45.21,307.15,0.9,26.14
Maharashtra,Nagpur,Alluvial,7.87,232.56,70.61,340.33,0.37,38.27
Maharashtra,Nagpur,Clay,7.13,195.4,73.74,200.02,0.76,15.38
Maharashtra,Nagpur,Alluvial,6.25,342.81,46.58,297.52,0.34,28.83
Maharashtra,Nagpur,Clay,7.06,395.53,48.37,286.29,0.67,24.69
Maharashtra,Nagpur,Alluvial,7.68,336.18,52.97,174.43,0.88,23.96
Maharashtra,Nagpur,Loamy,8.16,365.91,33.07,172.59,1.06,24.74
Maharashtra,Nagpur,Sandy,7.88,296.17,43.75,198.62,1.46,32.43
Maharashtra,Nagpur,Alluvial,6.93,299.05,42.28,167.9,0.49,17.74
Maharashtra,Nagpur,Red Soil,6.52,392.41,65.57,162.01,0.73,19.62
Maharashtra,Nagpur,Red Soil,7.87,181.46,33.96,346.34,1.25,37.7
Maharashtra,Nagpur,Black Cotton,7.7,155.34,42.67,294.88,0.6,16.18
Maharashtra,Nagpur,Alluvial,6.81,223.68,61.82,187.96,0.52,25.43
Maharashtra,Nagpur,Alluvial,6.91,366.92,55.92,322.11,0.49,30.93
Maharashtra,Nagpur,Black Cotton,6.39,215.84,42.03,150.14,1.07,26.37
Maharashtra,Nagpur,Sandy,8.15,304.93,41.84,274.04,0.68,16.9
Maharashtra,Nagpur,Red Soil,7.96,197.47,60.99,303.15,0.48,23.49
Maharashtra,Nagpur,Black Cotton,7.42,177.62,51.39,163.34,1.3,18.89
Maharashtra,Nagpur,Clay,6.11,271.34,25.93,264.2,1.3,34.74
Maharashtra,Nagpur,Red Soil,7.37,297.58,22.95,194.14,1.16,15.39
Maharashtra,Nagpur,Sandy,7.47,382.1,69.92,243.61,1.07,25.83
Maharashtra,Nagpur,Alluvial,8.31,253.99,42.14,291.69,1.29,22.97
Maharashtra,Nagpur,Clay,7.7,358.61,24.68,193.18,0.92,18.04
Maharashtra,Nagpur,Sandy,7.09,197.37,51.57,199.75,1.05,20.37
Maharashtra,Nagpur,Alluvial,7.17,336.53,65.98,265.31,1.11,36.08
Maharashtra,Nagpur,Black Cotton,8.15,191.7,30.82,230.31,0.71,19.75
Maharashtra,Nagpur,Red Soil,6.83,238.08,38.91,348.29,0.69,26.15
Maharashtra,Nagpur,Alluvial,6.79,331.47,56.5,262.63,0.56,37.97
Maharashtra,Nagpur,Alluvial,6.26,390.41,46.85,229.42,1.17,44.49
Maharashtra,Nagpur,Red Soil,5.55,183.77,73.42,151.31,1.48,21.44
Maharashtra,Nagpur,Loamy,5.57,355.48,61.38,205.19,0.96,31.69
Maharashtra,Nagpur,Red Soil,5.96,159.43,41.34,177.68,0.74,32.46
Maharashtra,Nagpur,Sandy,6.27,225.08,54.23,263.81,0.56,17.32
Maharashtra,Nagpur,Loamy,7.88,193.23,69.54,287.92,0.99,42.23
Maharashtra,Nagpur,Red Soil,7.43,159.34,68.5,226.31,1.24,42.66
Maharashtra,Nagpur,Loamy,6.54,354.29,44.99,323.57,1.34,21.8
Maharashtra,Nagpur,Alluvial,8.05,382.16,58.03,276.44,0.36,30.73
Maharashtra,Nagpur,Loamy,7.12,187.4,50.14,194.16,0.36,36.95
Maharashtra,Nashik,Black Cotton,8.41,338.21,54.52,168.02,0.82,38.59
Maharashtra,Nashik,Sandy,5.9,170.64,54.29,159.86,0.78,17.55
Maharashtra,Nashik,Red Soil,6.8,324.47,65.72,246.18,0.54,26.86
Maharashtra,Nashik,Red Soil,6.09,304.0,64.14,199.25,0.39,38.3
Maharashtra,Nashik,Loamy,7.55,294.0,26.75,232.72,0.74,20.71
Maharashtra,Nashik,Loamy,7.28,156.05,38.29,347.53,1.04,44.7
Maharashtra,Nashik,Black Cotton,7.37,260.12,75.45,196.7,1.12,19.68
Maharashtra,Nashik,Alluvial,8.06,178.09,23.27,339.79,1.41,41.06
Maharashtra,Nashik,Loamy,5.54,323.45,26.68,240.01,0.33,21.27
Maharashtra,Nashik,Red Soil,6.14,286.61,65.02,259.76,1.05,44.77
Maharashtra,Nashik,Alluvial,7.6,154.6,54.98,282.71,0.35,20.11
Maharashtra,Nashik,Loamy,6.1,324.13,36.28,242.99,1.43,17.0
Maharashtra,Nashik,Alluvial,6.31,363.02,59.61,322.86,0.32,41.02
Maharashtra,Nashik,Alluvial,6.66,394.95,50.51,291.94,1.38,29.54
Maharashtra,Nashik,Red Soil,7.09,196.6,50.04,241.6,1.41,15.64
Maharashtra,Nashik,Sandy,8.27,226.23,49.4,298.88,0.32,35.53
Maharashtra,Nashik,Loamy,7.38,209.05,78.69,250.25,1.27,33.77
Maharashtra,Nashik,Black Cotton,8.17,353.71,21.77,260.99,0.64,19.55
Maharashtra,Nashik,Black Cotton,7.47,171.95,42.93,342.12,1.03,33.77
Maharashtra,Nashik,Sandy,6.75,293.22,45.59,212.48,1.03,28.48
Maharashtra,Nashik,Sandy,6.12,184.64,52.48,310.02,1.34,24.27
Maharashtra,Nashik,Alluvial,8.2,377.39,45.8,331.8,1.22,34.69
Maharashtra,Nashik,Red Soil,8.25,229.37,53.44,339.72,0.44,24.53
Maharashtra,Nashik,Sandy,7.68,341.36,72.81,232.81,0.79,28.29
Maharashtra,Nashik,Alluvial,8.3,218.45,66.75,171.35,0.52,37.87
Maharashtra,Nashik,Red Soil,7.35,301.4,56.74,269.27,0.58,15.78
Maharashtra,Nashik,Clay,7.56,269.15,50.14,270.94,1.15,26.22
Maharashtra,Nashik,Black Cotton,6.97,184.38,31.6,156.45,1.22,15.45
Maharashtra,Nashik,Loamy,8.35,205.64,60.28,190.57,0.55,20.31
Maharashtra,Nashik,Black Cotton,8.1,272.49,39.49,241.51,0.6,27.15
Maharashtra,Nashik,Clay,7.32,356.08,63.21,228.83,1.43,32.16
Maharashtra,Nashik,Red Soil,7.08,368.95,67.22,254.13,0.84,39.81
Maharashtra,Nashik,Clay,8.13,211.43,52.27,346.77,0.35,26.62
Maharashtra,Nashik,Alluvial,8.39,197.46,46.37,326.88,1.23,23.58
Maharashtra,Nashik,Sandy,6.77,303.28,23.27,253.39,0.47,39.9
Maharashtra,Nashik,Black Cotton,5.77,275.16,30.79,267.09,1.37,31.39
Maharashtra,Nashik,Black Cotton,6.74,262.72,30.73,268.06,1.16,21.06
Maharashtra,Nashik,Black Cotton,5.77,231.02,58.91,292.29,0.5,37.0
Maharashtra,Nashik,Clay,5.84,262.35,41.78,254.76,0.76,38.73
Maharashtra,Nashik,Red Soil,7.34,189.97,53.02,158.78,0.51,25.06
Maharashtra,Nashik,Alluvial,8.09,190.53,28.68,303.83,0.36,24.24
Maharashtra,Nashik,Alluvial,7.81,261.56,57.59,173.51,0.46,21.09
Maharashtra,Nashik,Red Soil,7.8,153.05,49.86,249.73,1.27,33.24
Maharashtra,Nashik,Black Cotton,6.21,297.22,48.54,232.03,0.4,33.0
Maharashtra,Nashik,Sandy,8.15,219.53,57.72,314.02,0.55,20.55
Maharashtra,Nashik,Clay,7.46,159.18,71.23,283.4,1.31,23.95
Maharashtra,Nashik,Clay,5.65,254.24,30.69,284.42,1.03,35.75
Maharashtra,Nashik,Red Soil,7.22,290.54,77.98,299.87,0.73,16.08
Maharashtra,Nashik,Loamy,6.47,374.38,69.22,301.69,1.31,16.95
Maharashtra,Nashik,Black Cotton,5.9,323.65,36.47,255.41,0.93,35.87
Maharashtra,Aurangabad,Red Soil,5.67,292.84,78.76,255.79,0.41,36.72
Maharashtra,Aurangabad,Red Soil,8.3,396.57,37.23,271.77,0.68,30.76
Maharashtra,Aurangabad,Red Soil,6.56,182.43,53.76,253.94,1.06,29.78
Maharashtra,Aurangabad,Sandy,8.15,208.18,37.43,188.71,0.44,28.95
Maharashtra,Aurangabad,Clay,7.71,201.83,56.92,232.93,0.35,25.49
Maharashtra,Aurangabad,Alluvial,6.14,310.15,61.4,200.88,0.38,24.01
Maharashtra,Aurangabad,Red Soil,6.47,151.53,61.15,218.27,1.17,33.48
Maharashtra,Aurangabad,Clay,8.0,198.5,70.03,334.46,0.87,29.24
Maharashtra,Aurangabad,Clay,7.44,270.37,57.63,328.41,0.94,25.05
Maharashtra,Aurangabad,Black Cotton,8.28,164.01,51.26,262.99,1.11,31.66
Maharashtra,Aurangabad,Clay,6.12,321.37,67.97,327.61,0.72,44.09
Maharashtra,Aurangabad,Loamy,8.02,234.79,42.51,256.85,0.5,33.17
Maharashtra,Aurangabad,Sandy,7.29,366.15,65.09,291.05,0.68,15.95
Maharashtra,Aurangabad,Black Cotton,5.76,369.26,42.3,315.89,0.66,30.75
Maharashtra,Aurangabad,Sandy,5.84,346.24,66.67,332.67,0.83,15.75
Maharashtra,Aurangabad,Black Cotton,8.21,188.52,40.41,246.69,1.35,24.31
Maharashtra,Aurangabad,Loamy,5.93,367.95,69.33,337.6,1.11,18.98
Maharashtra,Aurangabad,Alluvial,5.61,246.9,71.89,173.17,0.67,16.32
Maharashtra,Aurangabad,Red Soil,8.12,233.32,73.35,170.62,1.22,37.37
Maharashtra,Aurangabad,Clay,7.23,228.04,73.53,214.18,0.53,23.3
Maharashtra,Aurangabad,Loamy,7.82,317.78,36.36,181.5,0.44,43.75
Maharashtra,Aurangabad,Red Soil,7.04,201.64,41.02,213.7,0.47,36.13
Maharashtra,Aurangabad,Loamy,7.22,192.82,38.68,328.45,0.95,16.52
Maharashtra,Aurangabad,Clay,6.91,318.87,26.36,160.76,0.81,20.37
Maharashtra,Aurangabad,Red Soil,8.17,307.37,61.41,239.17,0.73,24.97
Maharashtra,Aurangabad,Sandy,7.64,317.72,52.01,344.74,1.21,28.97
Maharashtra,Aurangabad,Sandy,5.78,350.59,61.92,169.45,0.67,34.33
Maharashtra,Aurangabad,Black Cotton,6.91,386.86,28.62,329.14,0.61,25.9
Maharashtra,Aurangabad,Sandy,7.6,316.3,67.33,326.48,0.84,15.91
Maharashtra,Aurangabad,Black Cotton,5.84,269.66,70.75,206.45,0.72,32.24
Maharashtra,Aurangabad,Red Soil,5.81,354.39,67.81,215.17,1.08,38.77
Maharashtra,Aurangabad,Red Soil,6.88,297.63,34.31,198.74,0.49,29.47
Maharashtra,Aurangabad,Clay,6.52,353.48,55.46,306.86,0.82,38.62
Maharashtra,Aurangabad,Red Soil,7.58,193.27,60.18,297.87,1.15,40.1
Maharashtra,Aurangabad,Clay,7.28,265.73,53.31,314.4,0.51,43.68
Maharashtra,Aurangabad,Clay,7.29,321.38,55.78,313.97,0.69,34.35
Maharashtra,Aurangabad,Clay,5.77,354.26,73.24,330.65,1.06,15.01
Maharashtra,Aurangabad,Sandy,7.48,263.24,37.49,273.11,0.84,21.17
Maharashtra,Aurangabad,Loamy,6.4,348.59,60.77,333.7,1.42,36.53
Maharashtra,Aurangabad,Loamy,8.47,295.68,56.69,252.08,1.32,40.58
Maharashtra,Aurangabad,Clay,6.61,287.22,23.19,290.67,1.28,25.78
Maharashtra,Aurangabad,Loamy,8.1,208.81,62.13,228.85,0.68,26.48
Maharashtra,Aurangabad,Black Cotton,6.81,202.8,30.4,177.81,0.97,40.3
Maharashtra,Aurangabad,Loamy,8.02,188.57,79.85,284.01,0.46,17.15
Maharashtra,Aurangabad,Clay,5.93,371.22,59.48,345.0,0.46,19.12
Maharashtra,Aurangabad,Black Cotton,8.08,373.4,61.72,336.06,1.05,28.63
Maharashtra,Aurangabad,Black Cotton,7.16,262.51,41.32,187.16,1.03,32.34
Maharashtra,Aurangabad,Alluvial,6.21,275.43,44.65,259.23,0.74,44.35
Maharashtra,Aurangabad,Red Soil,6.95,242.14,54.82,342.35,0.4,36.91
Maharashtra,Aurangabad,Red Soil,8.45,395.92,66.73,242.99,0.39,41.7
Karnataka,Bangalore,Clay,6.24,307.67,59.82,283.74,1.12,31.18
Karnataka,Bangalore,Red Soil,6.44,163.19,40.61,305.71,0.86,30.38
Karnataka,Bangalore,Black Cotton,7.22,232.88,41.17,345.55,0.65,20.03
Karnataka,Bangalore,Alluvial,8.27,337.36,63.62,262.74,0.37,29.19
Karnataka,Bangalore,Sandy,7.22,314.08,37.51,297.48,0.33,29.54
Karnataka,Bangalore,Sandy,7.02,362.86,36.67,176.51,0.64,40.74
Karnataka,Bangalore,Clay,7.72,300.96,74.61,297.79,1.09,26.09
Karnataka,Bangalore,Sandy,6.28,325.19,49.1,309.87,1.33,25.29
Karnataka,Bangalore,Clay,8.4,298.89,69.3,317.52,1.2,27.39
Karnataka,Bangalore,Black Cotton,6.21,260.05,58.25,192.17,1.18,25.35
Karnataka,Bangalore,Alluvial,6.29,354.88,23.15,242.8,0.87,29.29
Karnataka,Bangalore,Red Soil,6.2,320.88,43.4,202.53,0.94,28.04
Karnataka,Bangalore,Loamy,8.28,262.21,60.71,342.35,1.12,16.23
Karnataka,Bangalore,Red Soil,7.41,389.05,45.91,333.61,1.33,25.05
Karnataka,Bangalore,Loamy,7.91,213.84,55.05,242.22,1.11,22.25
Karnataka,Bangalore,Alluvial,7.27,198.73,40.24,288.06,0.52,31.43
Karnataka,Bangalore,Alluvial,5.53,166.99,44.67,255.05,1.12,25.55
Karnataka,Bangalore,Alluvial,6.35,198.27,21.42,168.39,1.43,34.7
Karnataka,Bangalore,Sandy,8.35,309.52,62.48,174.0,1.33,18.9
Karnataka,Bangalore,Alluvial,7.79,311.98,68.19,186.95,0.43,20.53
Karnataka,Bangalore,Loamy,6.9,384.05,58.33,334.54,0.63,27.81
Karnataka,Bangalore,Alluvial,7.81,230.85,29.72,164.8,1.23,26.48
Karnataka,Bangalore,Loamy,8.49,214.56,68.77,185.59,0.38,44.38
Karnataka,Bangalore,Sandy,7.33,194.61,49.52,178.77,1.22,21.55
Karnataka,Bangalore,Alluvial,5.82,260.4,35.54,156.97,0.38,36.83
Karnataka,Bangalore,Black Cotton,5.56,274.43,59.17,150.17,0.35,26.71
Karnataka,Bangalore,Sandy,7.6,376.15,54.48,253.08,1.43,29.72
Karnataka,Bangalore,Black Cotton,6.71,331.94,68.74,164.02,0.57,26.53
Karnataka,Bangalore,Alluvial,7.95,270.52,54.03,337.01,0.73,35.46
Karnataka,Bangalore,Black Cotton,5.67,399.25,58.82,223.07,1.32,25.2
Karnataka,Bangalore,Black Cotton,7.78,222.49,32.19,260.9,1.46,34.82
Karnataka,Bangalore,Loamy,7.59,374.12,57.84,221.85,0.4,33.98
Karnataka,Bangalore,Alluvial,6.07,158.92,21.52,349.28,0.59,26.66
Karnataka,Bangalore,Red Soil,7.43,274.92,77.9,312.36,1.46,15.49
Karnataka,Bangalore,Loamy,5.67,346.94,22.57,173.64,1.27,35.02
Karnataka,Bangalore,Black Cotton,8.32,367.55,52.19,298.21,0.58,17.16
Karnataka,Bangalore,Alluvial,5.92,313.46,48.27,333.6,0.35,36.04
Karnataka,Bangalore,Sandy,5.54,308.17,74.28,314.15,0.42,33.34
Karnataka,Bangalore,Red Soil,5.69,354.37,26.85,269.0,1.04,16.89
Karnataka,Bangalore,Sandy,6.78,352.88,78.93,285.68,0.69,44.28
Karnataka,Bangalore,Red Soil,7.14,230.4,77.88,192.65,0.35,20.2
Karnataka,Bangalore,Clay,5.86,185.31,44.91,289.26,0.96,28.16
Karnataka,Bangalore,Red Soil,5.62,174.99,70.84,272.49,1.23,15.47
Karnataka,Bangalore,Black Cotton,5.74,151.81,75.57,291.35,1.01,23.51
Karnataka,Bangalore,Alluvial,7.92,343.14,61.54,191.23,1.07,30.69
Karnataka,Bangalore,Black Cotton,6.22,193.64,61.5,269.25,1.16,33.36
Karnataka,Bangalore,Clay,7.38,345.65,40.87,150.91,0.58,18.53
Karnataka,Bangalore,Red Soil,8.43,304.73,71.76,347.36,0.91,28.93
Karnataka,Bangalore,Alluvial,7.48,219.11,31.62,309.32,1.12,44.06
Karnataka,Bangalore,Black Cotton,6.99,189.94,75.36,160.81,0.74,21.29
Karnataka,Mysore,Loamy,6.5,351.29,65.5,158.66,1.19,42.75
Karnataka,Mysore,Sandy,5.97,157.27,50.89,164.17,0.58,28.34
Karnataka,Mysore,Red Soil,6.48,199.69,60.61,215.14,1.23,24.78
Karnataka,Mysore,Clay,6.21,253.15,32.0,328.27,0.39,32.55
Karnataka,Mysore,Clay,8.17,186.24,75.67,241.0,0.76,19.09
Karnataka,Mysore,Alluvial,6.08,239.65,36.18,217.18,0.34,32.06
Karnataka,Mysore,Loamy,5.91,362.91,47.51,184.24,0.71,41.59
Karnataka,Mysore,Red Soil,5.97,348.64,77.17,331.12,0.99,31.58
Karnataka,Mysore,Sandy,5.76,364.24,49.35,349.13,1.01,40.11
Karnataka,Mysore,Loamy,5.54,257.03,72.36,199.57,0.82,21.67
Karnataka,Mysore,Red Soil,8.34,378.44,73.9,233.55,0.35,44.74
Karnataka,Mysore,Alluvial,7.81,158.41,51.87,245.85,1.26,39.64
Karnataka,Mysore,Black Cotton,6.99,170.77,65.18,288.63,0.79,21.54
Karnataka,Mysore,Loamy,6.39,311.91,25.44,245.96,0.67,36.1
Karnataka,Mysore,Red Soil,7.74,156.1,47.29,304.37,1.35,27.16
Karnataka,Mysore,Loamy,7.38,325.98,20.08,275.46,0.76,35.72
Karnataka,Mysore,Red Soil,5.6,256.48,36.19,339.22,0.95,38.83
Karnataka,Mysore,Alluvial,5.74,370.21,64.15,160.96,1.43,35.24
Karnataka,Mysore,Clay,5.83,241.4,57.15,223.11,0.51,31.76
Karnataka,Mysore,Clay,7.18,343.39,28.3,216.99,0.95,34.47
Karnataka,Mysore,Alluvial,8.32,295.03,77.55,191.96,1.19,21.76
Karnataka,Mysore,Loamy,8.19,275.89,45.38,160.89,0.75,28.57
Karnataka,Mysore,Red Soil,7.08,180.68,62.59,285.66,0.94,23.77
Karnataka,Mysore,Red Soil,6.6,318.33,61.59,345.62,1.36,20.65
Karnataka,Mysore,Black Cotton,5.76,247.67,30.73,341.65,0.39,19.94
Karnataka,Mysore,Clay,7.59,274.08,72.5,254.14,1.05,23.8
Karnataka,Mysore,Alluvial,7.12,183.01,40.8,238.77,1.07,23.75
Karnataka,Mysore,Clay,5.57,350.5,70.1,253.92,0.7,32.36
Karnataka,Mysore,Alluvial,7.44,231.58,55.6,289.37,1.31,28.36
Karnataka,Mysore,Loamy,7.2,374.57,38.39,307.85,0.57,26.16
Karnataka,Mysore,Loamy,7.81,161.83,41.19,241.19,0.5,42.72
Karnataka,Mysore,Alluvial,7.11,195.57,30.52,291.62,1.39,38.83
Karnataka,Mysore,Sandy,6.21,160.29,39.0,175.29,0.61,20.53
Karnataka,Mysore,Red Soil,7.62,316.39,78.68,179.59,0.84,44.26
Karnataka,Mysore,Red Soil,6.4,380.11,44.27,249.88,0.47,28.74
Karnataka,Mysore,Loamy,5.97,392.54,52.77,251.48,1.08,23.87
Karnataka,Mysore,Loamy,8.41,338.54,79.64,283.38,1.26,36.86
Karnataka,Mysore,Black Cotton,6.52,178.08,48.74,158.02,1.11,18.51
Karnataka,Mysore,Clay,6.7,360.22,46.76,168.5,0.37,34.24
Karnataka,Mysore,Red Soil,7.08,345.32,66.03,189.14,0.4,40.48
Karnataka,Mysore,Alluvial,7.51,171.84,50.71,188.89,0.68,33.15
Karnataka,Mysore,Clay,8.23,240.27,28.88,320.76,0.74,26.18
Karnataka,Mysore,Loamy,6.53,227.02,46.73,262.21,0.56,41.63
Karnataka,Mysore,Alluvial,8.48,350.92,37.32,311.13,1.46,27.71
Karnataka,Mysore,Black Cotton,5.92,296.8,25.16,191.56,0.87,41.03
Karnataka,Mysore,Loamy,5.7,390.02,65.37,167.69,0.79,42.43
Karnataka,Mysore,Black Cotton,6.02,265.53,54.07,332.97,0.54,39.97
Karnataka,Mysore,Loamy,7.16,160.56,69.57,316.92,0.66,31.78
Karnataka,Mysore,Black Cotton,6.17,347.8,29.24,210.03,1.07,34.1
Karnataka,Mysore,Clay,7.46,373.17,45.03,248.38,1.13,22.34
Karnataka,Belgaum,Clay,7.79,273.26,78.24,269.78,0.73,29.41
Karnataka,Belgaum,Black Cotton,8.11,307.0,48.56,288.85,0.44,30.38
Karnataka,Belgaum,Red Soil,5.55,214.88,54.9,179.23,0.85,35.8
Karnataka,Belgaum,Loamy,5.99,218.17,45.17,332.42,0.73,23.7
Karnataka,Belgaum,Red Soil,7.42,169.21,31.63,275.61,1.22,32.96
Karnataka,Belgaum,Sandy,7.13,368.11,69.61,286.99,0.66,35.56
Karnataka,Belgaum,Alluvial,6.59,283.61,41.1,178.74,0.46,23.44
Karnataka,Belgaum,Black Cotton,6.74,380.23,29.78,193.58,0.9,39.95
Karnataka,Belgaum,Red Soil,7.34,357.85,51.54,256.42,0.96,37.69
Karnataka,Belgaum,Clay,6.75,379.01,26.99,176.25,0.32,25.45
Karnataka,Belgaum,Alluvial,6.59,354.26,73.38,269.53,1.22,25.26
Karnataka,Belgaum,Alluvial,6.41,336.12,27.12,175.74,1.13,35.64
Karnataka,Belgaum,Loamy,5.88,182.55,24.72,288.16,1.24,17.33
Karnataka,Belgaum,Black Cotton,7.77,160.63,26.47,308.61,0.92,16.78
Karnataka,Belgaum,Clay,8.23,160.82,38.1,152.05,0.42,18.71
Karnataka,Belgaum,Red Soil,6.12,375.29,31.09,220.31,0.41,40.38
Karnataka,Belgaum,Loamy,8.35,236.96,29.63,250.13,1.17,22.25
Karnataka,Belgaum,Red Soil,5.71,354.9,65.79,255.77,1.16,43.93
Karnataka,Belgaum,Sandy,8.2,284.28,78.41,169.74,0.56,30.13
Karnataka,Belgaum,Alluvial,6.92,324.53,31.11,284.71,0.43,40.04
Karnataka,Belgaum,Black Cotton,6.77,278.56,44.45,302.28,0.68,28.98
Karnataka,Belgaum,Red Soil,5.91,340.57,62.28,261.43,0.35,24.84
Karnataka,Belgaum,Clay,6.65,264.24,64.17,287.41,1.31,21.78
Karnataka,Belgaum,Black Cotton,6.37,363.84,31.33,163.92,1.31,29.27
Karnataka,Belgaum,Alluvial,6.6,153.2,60.45,284.42,0.78,30.68
Karnataka,Belgaum,Alluvial,5.76,185.84,44.04,268.11,0.42,42.76
Karnataka,Belgaum,Sandy,5.69,393.8,40.32,268.99,1.49,18.68
Karnataka,Belgaum,Black Cotton,7.68,219.63,62.81,266.38,0.63,38.68
Karnataka,Belgaum,Alluvial,8.33,239.02,60.0,340.03,1.49,30.34
Karnataka,Belgaum,Sandy,7.8,177.01,35.04,249.45,1.05,19.04
Karnataka,Belgaum,Clay,7.71,357.58,49.89,155.35,0.51,33.14
Karnataka,Belgaum,Loamy,5.96,305.49,25.78,165.3,1.2,38.03
Karnataka,Belgaum,Black Cotton,6.11,315.52,49.42,202.33,0.71,40.79
Karnataka,Belgaum,Red Soil,5.55,340.99,79.44,326.03,0.44,28.5
Karnataka,Belgaum,Black Cotton,6.83,159.0,30.61,281.88,1.24,41.54
Karnataka,Belgaum,Sandy,6.97,183.62,62.94,247.49,0.43,35.25
Karnataka,Belgaum,Alluvial,7.16,284.85,48.19,262.45,0.49,16.67
Karnataka,Belgaum,Loamy,6.98,392.72,57.02,220.55,1.47,24.61
Karnataka,Belgaum,Clay,7.27,182.05,41.98,311.91,1.0,37.96
Karnataka,Belgaum,Alluvial,6.52,174.34,40.71,221.47,0.72,34.84
Karnataka,Belgaum,Sandy,6.2,228.02,25.1,287.6,1.34,18.43
Karnataka,Belgaum,Sandy,5.56,231.53,47.65,322.67,0.98,42.04
Karnataka,Belgaum,Loamy,5.56,267.42,21.33,213.3,0.98,24.67
Karnataka,Belgaum,Clay,7.92,175.01,60.51,217.19,0.9,37.95
Karnataka,Belgaum,Loamy,6.0,224.88,78.17,190.35,1.06,44.22
Karnataka,Belgaum,Clay,8.02,283.96,37.24,159.51,1.5,27.06
Karnataka,Belgaum,Sandy,7.37,389.49,63.06,265.64,1.01,23.2
Karnataka,Belgaum,Red Soil,7.9,268.82,32.58,309.13,1.08,24.06
Karnataka,Belgaum,Loamy,6.8,284.99,32.0,230.46,1.05,28.6
Karnataka,Belgaum,Red Soil,6.04,154.65,62.2,322.54,0.99,21.39
Karnataka,Hubli,Alluvial,8.31,216.98,58.28,311.79,1.32,42.21
Karnataka,Hubli,Red Soil,7.68,164.97,32.04,242.5,0.59,37.39
Karnataka,Hubli,Loamy,8.03,252.57,71.61,332.23,1.06,40.38
Karnataka,Hubli,Loamy,7.97,311.51,35.39,270.25,0.79,18.41
Karnataka,Hubli,Sandy,5.58,349.26,38.63,247.08,1.49,27.66
Karnataka,Hubli,Clay,6.11,218.18,21.75,307.93,0.63,31.52
Karnataka,Hubli,Alluvial,8.06,390.95,49.15,153.98,1.33,17.52
Karnataka,Hubli,Red Soil,6.39,165.9,77.31,329.35,1.11,41.57
Karnataka,Hubli,Black Cotton,8.33,331.06,28.43,172.39,1.18,42.99
Karnataka,Hubli,Red Soil,7.49,295.1,66.51,255.05,0.9,17.71
Karnataka,Hubli,Red Soil,5.87,351.67,39.76,266.87,0.77,37.45
Karnataka,Hubli,Sandy,8.31,204.5,26.41,192.82,0.63,27.25
Karnataka,Hubli,Red Soil,5.67,283.37,61.98,172.59,0.95,29.25
Karnataka,Hubli,Sandy,8.39,369.86,76.22,222.6,1.16,39.64
Karnataka,Hubli,Clay,7.44,376.31,22.09,297.89,1.26,16.64
Karnataka,Hubli,Alluvial,6.22,288.18,38.56,341.7,0.74,39.37
Karnataka,Hubli,Clay,7.1,209.1,46.54,151.57,1.45,42.83
Karnataka,Hubli,Loamy,6.4,384.08,65.4,209.48,1.33,19.81
Karnataka,Hubli,Black Cotton,7.39,369.87,66.0,231.26,0.34,40.99
Karnataka,Hubli,Black Cotton,6.91,253.24,70.47,293.48,1.35,39.61
Karnataka,Hubli,Sandy,7.6,276.58,41.11,270.42,1.28,37.13
Karnataka,Hubli,Black Cotton,7.59,340.49,58.48,186.75,0.83,34.23
Karnataka,Hubli,Clay,6.7,307.07,38.82,166.45,0.49,30.49
Karnataka,Hubli,Alluvial,7.79,361.74,61.15,308.53,0.68,29.35
Karnataka,Hubli,Alluvial,5.9,193.37,55.58,215.52,0.64,17.53
Karnataka,Hubli,Loamy,6.05,369.1,76.69,326.87,0.57,43.44
Karnataka,Hubli,Red Soil,7.44,306.66,74.41,344.83,0.54,36.04
Karnataka,Hubli,Sandy,5.65,304.5,56.02,179.85,1.45,20.1
Karnataka,Hubli,Red Soil,5.85,329.65,46.11,334.0,0.84,35.21
Karnataka,Hubli,Clay,6.17,200.79,76.76,312.68,0.62,37.39
Karnataka,Hubli,Black Cotton,5.89,364.08,56.0,349.04,0.64,35.32
Karnataka,Hubli,Black Cotton,6.04,348.12,21.73,345.23,0.58,28.53
Karnataka,Hubli,Sandy,6.61,321.07,47.49,152.06,0.46,24.7
Karnataka,Hubli,Alluvial,6.69,203.05,43.01,234.66,1.02,17.19
Karnataka,Hubli,Red Soil,5.68,233.22,34.09,331.65,1.5,43.18
Karnataka,Hubli,Red Soil,7.63,352.46,20.32,250.91,0.76,44.33
Karnataka,Hubli,Alluvial,6.61,392.01,53.57,266.1,0.61,30.11
Karnataka,Hubli,Loamy,8.13,182.98,39.04,256.08,0.47,18.51
Karnataka,Hubli,Clay,8.44,274.8,78.4,206.2,0.73,27.9
Karnataka,Hubli,Loamy,7.34,340.39,35.83,212.6,1.37,24.47
Karnataka,Hubli,Black Cotton,7.79,187.82,71.18,281.48,1.26,16.6
Karnataka,Hubli,Sandy,5.66,195.79,48.21,182.71,0.86,18.48
Karnataka,Hubli,Black Cotton,5.62,239.13,62.54,247.04,0.89,40.38
Karnataka,Hubli,Sandy,5.87,173.39,72.09,186.13,0.5,30.26
Karnataka,Hubli,Loamy,7.19,315.78,32.74,349.6,0.3,38.01
Karnataka,Hubli,Sandy,6.75,169.21,66.1,285.38,1.36,15.78
Karnataka,Hubli,Alluvial,8.44,180.5,42.41,335.83,0.43,24.71
Karnataka,Hubli,Clay,5.74,357.67,59.57,240.81,1.45,32.83
Karnataka,Hubli,Clay,6.49,160.96,57.34,240.62,1.44,44.99
Karnataka,Hubli,Red Soil,5.89,365.82,68.09,206.59,1.26,37.31
Tamil Nadu,Chennai,Red Soil,8.36,245.35,43.93,185.6,1.46,40.97
Tamil Nadu,Chennai,Clay,5.56,202.06,43.31,230.48,1.08,43.63
Tamil Nadu,Chennai,Sandy,5.86,272.71,45.94,311.27,0.67,35.55
Tamil Nadu,Chennai,Sandy,6.58,174.03,42.05,189.97,0.83,26.64
Tamil Nadu,Chennai,Loamy,7.19,255.77,65.39,312.2,1.04,28.02
Tamil Nadu,Chennai,Black Cotton,5.78,278.34,78.4,285.29,1.08,36.41
Tamil Nadu,Chennai,Black Cotton,7.08,311.81,25.04,243.64,0.4,39.05
Tamil Nadu,Chennai,Loamy,5.95,181.95,74.17,318.31,0.93,23.86
Tamil Nadu,Chennai,Clay,7.15,379.33,50.8,252.13,0.8,28.94
Tamil Nadu,Chennai,Alluvial,7.21,213.35,35.29,166.35,0.9,18.42
Tamil Nadu,Chennai,Alluvial,6.89,346.54,70.57,159.05,0.8,36.13
Tamil Nadu,Chennai,Loamy,7.26,263.75,60.22,274.76,0.62,44.0
Tamil Nadu,Chennai,Sandy,6.13,169.56,78.93,201.86,1.11,28.01
Tamil Nadu,Chennai,Clay,5.52,179.17,30.3,245.42,1.13,41.06
Tamil Nadu,Chennai,Alluvial,7.31,271.68,57.11,344.78,0.73,35.21
Tamil Nadu,Chennai,Alluvial,7.53,351.16,25.26,177.02,0.53,39.48
Tamil Nadu,Chennai,Alluvial,8.41,364.75,32.55,279.72,1.08,28.07
Tamil Nadu,Chennai,Alluvial,8.07,284.65,25.17,303.94,0.48,27.66
Tamil Nadu,Chennai,Clay,6.0,188.11,62.16,342.77,0.87,40.79
Tamil Nadu,Chennai,Red Soil,6.23,223.71,69.77,228.35,0.7,18.08
Tamil Nadu,Chennai,Alluvial,6.8,253.92,49.74,265.73,1.18,44.97
Tamil Nadu,Chennai,Clay,6.96,271.53,55.46,272.3,1.11,39.5
Tamil Nadu,Chennai,Black Cotton,6.2,165.18,21.14,265.28,0.96,23.04
Tamil Nadu,Chennai,Alluvial,6.75,268.33,49.69,337.79,0.72,35.93
Tamil Nadu,Chennai,Clay,5.98,331.55,48.15,237.62,0.91,32.63
Tamil Nadu,Chennai,Alluvial,6.52,300.53,70.55,281.39,0.46,23.8
Tamil Nadu,Chennai,Alluvial,6.67,254.22,76.47,280.5,0.73,29.17
Tamil Nadu,Chennai,Sandy,7.37,220.61,64.96,283.41,0.45,20.98
Tamil Nadu,Chennai,Red Soil,6.98,348.37,76.58,248.75,0.58,31.7
Tamil Nadu,Chennai,Clay,6.58,215.2,60.62,184.94,1.33,30.1
Tamil Nadu,Chennai,Clay,6.51,178.49,33.6,262.4,0.88,44.81
Tamil Nadu,Chennai,Loamy,7.81,342.52,53.42,329.26,1.32,41.21
Tamil Nadu,Chennai,Red Soil,7.51,326.6,75.6,237.57,0.85,40.25
Tamil Nadu,Chennai,Clay,8.42,345.41,56.58,321.68,0.42,31.87
Tamil Nadu,Chennai,Red Soil,5.82,307.48,72.25,332.2,0.49,23.76
Tamil Nadu,Chennai,Black Cotton,7.79,274.6,72.23,180.86,0.74,39.57
Tamil Nadu,Chennai,Clay,8.05,259.78,44.94,303.81,0.59,39.27
Tamil Nadu,Chennai,Loamy,6.36,192.82,35.96,293.04,0.8,33.88
Tamil Nadu,Chennai,Sandy,5.95,338.38,45.3,195.64,1.26,27.4
Tamil Nadu,Chennai,Black Cotton,8.19,387.96,50.97,286.44,1.43,28.28
Tamil Nadu,Chennai,Clay,7.65,279.34,24.17,217.66,0.78,38.17
Tamil Nadu,Chennai,Black Cotton,5.68,339.8,59.61,278.29,1.38,16.73
Tamil Nadu,Chennai,Alluvial,8.44,349.77,72.55,344.53,0.8,41.57
Tamil Nadu,Chennai,Alluvial,7.16,226.08,64.56,331.85,0.31,23.39
Tamil Nadu,Chennai,Red Soil,7.33,186.72,44.24,278.78,1.37,33.73
Tamil Nadu,Chennai,Red Soil,7.46,324.37,73.26,306.31,0.79,20.92
Tamil Nadu,Chennai,Loamy,5.75,284.36,43.4,293.78,1.36,30.61
Tamil Nadu,Chennai,Red Soil,6.35,173.2,53.11,254.27,1.21,19.8
Tamil Nadu,Chennai,Clay,8.17,284.98,35.52,316.45,0.66,27.68
Tamil Nadu,Chennai,Red Soil,5.83,164.99,42.38,275.4,0.73,16.43
Tamil Nadu,Coimbatore,Alluvial,8.32,262.18,54.35,151.04,0.71,22.08
Tamil Nadu,Coimbatore,Alluvial,8.47,291.4,73.66,275.55,0.94,32.87
Tamil Nadu,Coimbatore,Loamy,6.4,316.73,68.9,264.55,0.47,26.33
Tamil Nadu,Coimbatore,Alluvial,6.24,231.96,54.94,314.57,0.73,17.94
Tamil Nadu,Coimbatore,Alluvial,6.78,253.01,25.53,234.98,0.46,21.44
Tamil Nadu,Coimbatore,Clay,6.61,281.56,55.29,253.79,0.77,22.91
Tamil Nadu,Coimbatore,Black Cotton,7.41,399.13,61.34,339.56,1.18,27.51
Tamil Nadu,Coimbatore,Sandy,5.93,181.78,62.67,175.88,1.15,40.9
Tamil Nadu,Coimbatore,Clay,7.58,263.86,21.96,181.37,0.97,42.65
Tamil Nadu,Coimbatore,Clay,7.3,252.15,27.25,264.35,0.35,19.6
Tamil Nadu,Coimbatore,Loamy,6.41,243.61,37.64,155.6,0.47,38.51
Tamil Nadu,Coimbatore,Black Cotton,5.65,373.56,73.34,193.12,1.28,29.66
Tamil Nadu,Coimbatore,Clay,7.14,166.89,22.68,246.24,0.67,28.57
Tamil Nadu,Coimbatore,Loamy,7.84,268.81,63.2,271.14,1.21,30.14
Tamil Nadu,Coimbatore,Black Cotton,7.79,316.81,28.94,295.57,0.41,33.74
Tamil Nadu,Coimbatore,Red Soil,6.73,208.21,43.72,258.2,1.45,41.7
Tamil Nadu,Coimbatore,Alluvial,6.33,172.13,29.94,154.96,1.06,38.15
Tamil Nadu,Coimbatore,Loamy,7.18,180.95,53.56,188.49,1.04,32.31
Tamil Nadu,Coimbatore,Clay,8.37,280.44,65.03,250.53,0.32,34.75
Tamil Nadu,Coimbatore,Red Soil,6.04,154.74,67.21,199.06,1.15,41.63
Tamil Nadu,Coimbatore,Black Cotton,5.75,283.39,39.23,267.78,0.89,43.02
Tamil Nadu,Coimbatore,Loamy,6.81,253.73,71.58,213.48,0.61,18.44
Tamil Nadu,Coimbatore,Clay,7.13,221.34,30.96,303.66,0.49,43.56
Tamil Nadu,Coimbatore,Alluvial,6.01,303.62,39.52,155.43,0.37,26.7
Tamil Nadu,Coimbatore,Loamy,5.93,373.25,35.48,338.32,1.38,16.56
Tamil Nadu,Coimbatore,Sandy,7.76,296.51,49.58,300.48,0.76,18.45
Tamil Nadu,Coimbatore,Clay,6.46,288.28,23.93,155.78,1.06,42.41
Tamil Nadu,Coimbatore,Clay,6.31,390.87,60.51,199.26,0.97,38.56
Tamil Nadu,Coimbatore,Loamy,7.2,261.5,70.78,250.09,1.24,19.27
Tamil Nadu,Coimbatore,Red Soil,8.46,345.51,52.25,234.75,1.39,28.55
Tamil Nadu,Coimbatore,Clay,7.94,390.28,57.24,280.61,0.5,16.81
Tamil Nadu,Coimbatore,Black Cotton,6.32,212.72,60.8,349.85,1.31,21.38
Tamil Nadu,Coimbatore,Red Soil,6.34,190.35,52.05,163.99,0.41,35.95
Tamil Nadu,Coimbatore,Sandy,7.68,399.71,72.7,192.17,0.91,39.06
Tamil Nadu,Coimbatore,Alluvial,8.34,308.79,78.78,291.55,0.63,34.87
Tamil Nadu,Coimbatore,Loamy,6.52,264.95,55.97,153.17,1.13,34.39
Tamil Nadu,Coimbatore,Clay,7.33,151.07,20.57,184.71,0.97,35.89
Tamil Nadu,Coimbatore,Black Cotton,7.79,284.53,67.24,279.82,0.39,15.93
Tamil Nadu,Coimbatore,Alluvial,6.84,180.85,78.32,225.28,1.02,26.6
Tamil Nadu,Coimbatore,Alluvial,8.45,181.19,42.23,188.6,0.31,37.29
Tamil Nadu,Coimbatore,Loamy,7.54,327.3,31.49,313.26,1.05,39.25
Tamil Nadu,Coimbatore,Sandy,6.2,273.45,41.78,206.15,1.39,36.21
Tamil Nadu,Coimbatore,Sandy,5.52,396.07,58.31,172.19,0.63,30.01
Tamil Nadu,Coimbatore,Sandy,7.16,314.96,53.94,286.48,0.98,16.96
Tamil Nadu,Coimbatore,Sandy,7.74,181.86,76.01,321.1,1.36,36.87
Tamil Nadu,Coimbatore,Loamy,6.08,319.49,79.52,288.6,0.94,22.59
Tamil Nadu,Coimbatore,Red Soil,8.15,150.49,45.63,284.62,1.08,40.62
Tamil Nadu,Coimbatore,Loamy,6.8,398.78,36.44,286.03,0.86,25.84
Tamil Nadu,Coimbatore,Clay,8.15,206.14,36.68,234.01,0.84,15.15
Tamil Nadu,Coimbatore,Sandy,6.5,370.02,68.46,348.05,0.57,35.69
Tamil Nadu,Madurai,Clay,8.25,199.22,39.75,162.57,1.05,15.84
Tamil Nadu,Madurai,Black Cotton,7.92,298.13,57.58,216.86,0.6,18.24
Tamil Nadu,Madurai,Sandy,8.38,358.13,69.3,253.94,0.58,17.19
Tamil Nadu,Madurai,Red Soil,7.36,341.02,57.52,265.79,0.4,16.82
Tamil Nadu,Madurai,Clay,6.63,372.52,61.6,306.53,0.37,39.07
Tamil Nadu,Madurai,Clay,6.4,306.55,23.95,285.51,0.97,23.85
Tamil Nadu,Madurai,Black Cotton,6.71,304.33,44.67,322.92,1.24,33.72
Tamil Nadu,Madurai,Black Cotton,6.65,348.79,72.8,273.85,0.71,43.13
Tamil Nadu,Madurai,Clay,6.86,232.05,31.55,170.54,1.01,17.03
Tamil Nadu,Madurai,Sandy,8.21,181.5,50.53,221.08,0.88,33.63
Tamil Nadu,Madurai,Sandy,6.23,349.26,23.63,212.33,0.82,43.79
Tamil Nadu,Madurai,Loamy,6.43,371.31,66.53,179.48,0.67,25.29
Tamil Nadu,Madurai,Loamy,8.41,279.42,59.46,178.92,0.58,39.58
Tamil Nadu,Madurai,Red Soil,8.08,255.52,31.72,190.07,1.39,38.56
Tamil Nadu,Madurai,Loamy,6.07,268.93,61.51,243.48,1.13,40.56
Tamil Nadu,Madurai,Red Soil,8.39,304.03,45.12,182.46,0.85,38.68
Tamil Nadu,Madurai,Clay,6.99,379.99,58.33,288.64,0.86,21.39
Tamil Nadu,Madurai,Black Cotton,7.7,388.15,39.89,298.02,0.55,20.53
Tamil Nadu,Madurai,Clay,6.59,168.43,21.8,173.04,0.65,20.83
Tamil Nadu,Madurai,Red Soil,8.24,239.98,78.52,189.82,0.64,21.57
Tamil Nadu,Madurai,Loamy,7.66,234.95,53.27,185.71,0.33,40.29
Tamil Nadu,Madurai,Clay,5.56,319.36,42.74,307.48,0.43,43.08
Tamil Nadu,Madurai,Loamy,6.87,242.41,42.34,184.27,0.93,38.97
Tamil Nadu,Madurai,Red Soil,8.14,369.6,23.92,178.89,1.41,38.85
Tamil Nadu,Madurai,Sandy,7.1,323.59,39.08,235.91,1.06,42.63
Tamil Nadu,Madurai,Red Soil,7.26,363.61,37.65,179.71,0.6,33.88
Tamil Nadu,Madurai,Loamy,8.12,362.88,78.1,327.17,0.55,17.44
Tamil Nadu,Madurai,Black Cotton,7.87,303.72,30.05,227.62,1.36,37.53
Tamil Nadu,Madurai,Loamy,7.0,266.07,39.31,224.78,1.13,36.47
Tamil Nadu,Madurai,Black Cotton,6.92,295.3,58.29,308.12,1.08,21.22
Tamil Nadu,Madurai,Sandy,6.86,208.6,33.12,235.0,0.75,19.72
Tamil Nadu,Madurai,Loamy,6.26,171.19,65.1,209.01,0.92,21.91
Tamil Nadu,Madurai,Clay,6.9,305.28,45.57,243.51,0.79,39.14
Tamil Nadu,Madurai,Loamy,6.32,156.18,46.5,203.12,0.39,42.04
Tamil Nadu,Madurai,Loamy,8.03,278.2,58.62,307.17,1.41,17.95
Tamil Nadu,Madurai,Clay,6.58,286.51,40.03,285.02,0.6,37.36
Tamil Nadu,Madurai,Alluvial,8.04,197.66,56.24,177.57,1.33,36.49
Tamil Nadu,Madurai,Red Soil,8.24,152.13,37.97,314.46,1.24,27.11
Tamil Nadu,Madurai,Black Cotton,7.97,339.45,20.71,280.82,1.49,43.54
Tamil Nadu,Madurai,Black Cotton,6.18,330.83,32.59,196.74,1.0,31.58
Tamil Nadu,Madurai,Black Cotton,7.67,265.35,67.51,212.61,0.53,38.1
Tamil Nadu,Madurai,Alluvial,6.75,259.67,71.18,156.02,0.47,41.21
Tamil Nadu,Madurai,Loamy,8.33,152.42,68.62,316.86,0.71,27.57
Tamil Nadu,Madurai,Alluvial,7.76,340.71,61.43,209.93,1.0,32.03
Tamil Nadu,Madurai,Clay,8.27,188.42,77.16,216.05,1.06,33.09
Tamil Nadu,Madurai,Red Soil,7.22,247.72,42.88,339.74,0.38,26.59
Tamil Nadu,Madurai,Black Cotton,5.83,292.38,47.09,328.95,0.41,18.13
Tamil Nadu,Madurai,Red Soil,6.03,356.62,56.2,155.37,0.54,42.34
Tamil Nadu,Madurai,Black Cotton,6.35,208.26,59.57,164.0,0.37,30.56
Tamil Nadu,Madurai,Sandy,6.48,377.45,43.47,347.92,0.45,27.55
Tamil Nadu,Salem,Alluvial,5.71,388.77,71.94,175.99,0.55,27.97
Tamil Nadu,Salem,Alluvial,7.49,189.7,54.51,212.06,0.54,36.5
Tamil Nadu,Salem,Black Cotton,6.33,151.86,28.56,162.79,0.78,39.23
Tamil Nadu,Salem,Red Soil,6.49,292.31,49.46,242.54,0.35,17.73
Tamil Nadu,Salem,Alluvial,8.14,264.08,62.02,292.33,0.66,33.39
Tamil Nadu,Salem,Sandy,6.75,194.89,57.06,236.42,0.76,34.77
Tamil Nadu,Salem,Alluvial,7.21,248.39,76.74,197.94,1.34,23.21
Tamil Nadu,Salem,Alluvial,7.11,316.66,24.0,295.31,1.38,42.26
Tamil Nadu,Salem,Black Cotton,8.48,288.21,79.72,165.31,0.43,38.0
Tamil Nadu,Salem,Loamy,6.73,191.21,32.44,158.93,0.33,34.17
Tamil Nadu,Salem,Alluvial,7.75,245.29,64.76,321.15,0.78,15.32
Tamil Nadu,Salem,Clay,7.63,184.12,60.22,242.85,0.85,17.48
Tamil Nadu,Salem,Alluvial,6.23,387.5,28.42,314.09,1.31,20.12
Tamil Nadu,Salem,Clay,7.32,194.31,27.45,298.29,0.5,35.14
Tamil Nadu,Salem,Clay,7.53,188.37,41.49,193.33,0.34,35.25
Tamil Nadu,Salem,Sandy,6.83,161.94,58.09,254.57,1.1,34.8
Tamil Nadu,Salem,Clay,6.67,227.08,23.14,150.93,1.23,38.01
Tamil Nadu,Salem,Sandy,6.62,209.64,25.48,234.34,1.49,25.11
Tamil Nadu,Salem,Sandy,7.54,165.79,77.52,169.32,1.3,34.92
Tamil Nadu,Salem,Alluvial,6.0,253.92,26.46,215.43,0.97,20.69
Tamil Nadu,Salem,Sandy,8.3,248.77,45.67,196.48,0.43,24.7
Tamil Nadu,Salem,Clay,6.71,229.06,43.35,241.76,0.38,39.45
Tamil Nadu,Salem,Alluvial,7.37,160.98,73.13,232.22,1.22,29.99
Tamil Nadu,Salem,Clay,7.64,347.81,75.33,263.84,0.6,17.84
Tamil Nadu,Salem,Loamy,8.44,324.08,60.67,344.47,1.13,24.96
Tamil Nadu,Salem,Alluvial,7.79,321.91,78.68,283.27,0.38,15.53
Tamil Nadu,Salem,Red Soil,6.85,277.76,64.51,250.68,1.15,15.4
Tamil Nadu,Salem,Clay,7.35,374.19,38.53,297.58,1.21,33.59
Tamil Nadu,Salem,Clay,5.91,274.68,32.12,225.15,1.07,22.14
Tamil Nadu,Salem,Alluvial,7.29,386.47,64.36,215.74,0.63,34.31
Tamil Nadu,Salem,Clay,7.06,394.39,58.88,207.69,0.33,40.41
Tamil Nadu,Salem,Loamy,6.53,201.45,23.24,333.54,1.49,39.04
Tamil Nadu,Salem,Alluvial,7.66,302.02,42.89,214.33,0.83,15.18
Tamil Nadu,Salem,Black Cotton,5.71,198.12,58.06,178.31,0.55,17.75
Tamil Nadu,Salem,Red Soil,7.15,348.81,32.26,251.48,0.81,29.01
Tamil Nadu,Salem,Sandy,7.67,211.23,30.59,199.79,0.64,28.45
Tamil Nadu,Salem,Alluvial,6.1,365.61,48.87,340.2,0.73,26.33
Tamil Nadu,Salem,Black Cotton,6.82,276.32,64.1,302.06,1.28,38.81
Tamil Nadu,Salem,Clay,7.79,256.85,24.99,331.29,0.66,31.12
Tamil Nadu,Salem,Red Soil,7.68,214.32,47.82,240.72,0.75,33.18
Tamil Nadu,Salem,Clay,6.5,328.72,31.74,333.23,0.31,40.85
Tamil Nadu,Salem,Alluvial,7.68,272.86,75.54,338.06,1.46,26.19
Tamil Nadu,Salem,Black Cotton,6.42,396.88,24.27,327.0,1.49,18.73
Tamil Nadu,Salem,Red Soil,5.99,340.74,77.43,304.25,1.2,25.46
Tamil Nadu,Salem,Alluvial,6.97,322.12,61.79,280.18,1.41,37.07
Tamil Nadu,Salem,Sandy,6.93,380.37,41.68,291.31,0.33,34.97
Tamil Nadu,Salem,Sandy,6.28,263.87,60.86,200.86,1.02,43.55
Tamil Nadu,Salem,Sandy,5.54,342.74,58.66,333.38,0.78,32.58
Tamil Nadu,Salem,Clay,7.06,197.21,45.38,315.95,0.6,24.07
Tamil Nadu,Salem,Red Soil,7.48,245.7,38.48,232.32,1.35,36.83
Andhra Pradesh,Hyderabad,Clay,5.83,293.15,67.85,312.85,0.62,21.29
Andhra Pradesh,Hyderabad,Alluvial,6.69,227.03,79.22,313.28,0.3,17.1
Andhra Pradesh,Hyderabad,Alluvial,6.75,254.21,37.3,236.19,0.51,20.59
Andhra Pradesh,Hyderabad,Sandy,6.09,195.5,76.91,240.13,1.28,20.57
Andhra Pradesh,Hyderabad,Clay,7.75,352.29,31.51,346.59,1.35,28.22
Andhra Pradesh,Hyderabad,Red Soil,5.83,309.11,24.79,167.14,0.45,16.93
Andhra Pradesh,Hyderabad,Clay,7.26,269.47,60.37,170.16,0.37,37.55
Andhra Pradesh,Hyderabad,Clay,7.5,347.3,22.51,192.21,1.25,26.27
Andhra Pradesh,Hyderabad,Red Soil,8.46,340.34,75.93,244.65,0.7,27.88
Andhra Pradesh,Hyderabad,Loamy,7.55,235.77,38.91,197.92,0.73,26.95
Andhra Pradesh,Hyderabad,Red Soil,5.67,239.01,39.82,170.04,0.85,35.95
Andhra Pradesh,Hyderabad,Alluvial,8.01,381.26,21.54,174.58,0.94,43.53
Andhra Pradesh,Hyderabad,Sandy,6.61,304.59,59.53,245.04,0.8,20.64
Andhra Pradesh,Hyderabad,Alluvial,8.37,353.15,21.0,222.04,0.35,39.23
Andhra Pradesh,Hyderabad,Loamy,7.53,208.39,49.07,297.84,1.25,25.45
Andhra Pradesh,Hyderabad,Black Cotton,8.46,364.28,74.31,296.86,0.65,20.85
Andhra Pradesh,Hyderabad,Sandy,8.11,369.06,67.09,293.33,0.34,29.94
Andhra Pradesh,Hyderabad,Clay,6.4,318.27,52.92,324.96,0.5,28.39
Andhra Pradesh,Hyderabad,Clay,6.95,285.17,34.6,184.09,1.43,36.0
Andhra Pradesh,Hyderabad,Clay,6.8,328.94,29.61,335.79,1.38,37.99
Andhra Pradesh,Hyderabad,Sandy,7.66,316.48,77.09,284.12,1.1,42.68
Andhra Pradesh,Hyderabad,Alluvial,7.68,172.61,61.51,324.39,1.42,37.99
Andhra Pradesh,Hyderabad,Red Soil,5.69,235.81,74.61,298.59,1.17,34.62
Andhra Pradesh,Hyderabad,Red Soil,8.4,259.24,34.0,201.82,0.65,18.34
Andhra Pradesh,Hyderabad,Loamy,7.72,384.3,64.68,173.22,0.74,40.6
Andhra Pradesh,Hyderabad,Black Cotton,7.23,150.42,23.71,257.12,1.32,44.4
Andhra Pradesh,Hyderabad,Loamy,7.81,349.38,76.04,175.26,1.1,32.72
Andhra Pradesh,Hyderabad,Clay,6.69,284.57,47.64,178.94,1.43,40.12
Andhra Pradesh,Hyderabad,Black Cotton,7.54,186.86,37.0,299.41,1.32,39.83
Andhra Pradesh,Hyderabad,Clay,7.3,227.22,79.42,174.69,1.5,36.2
Andhra Pradesh,Hyderabad,Black Cotton,7.39,203.93,37.49,343.3,0.37,39.31
Andhra Pradesh,Hyderabad,Sandy,7.98,202.65,63.96,312.08,1.14,16.58
Andhra Pradesh,Hyderabad,Sandy,8.07,331.85,37.95,313.0,1.39,19.78
Andhra Pradesh,Hyderabad,Clay,7.14,234.35,60.67,348.06,1.21,26.73
Andhra Pradesh,Hyderabad,Red Soil,7.68,220.59,75.38,290.22,0.96,17.92
Andhra Pradesh,Hyderabad,Loamy,7.76,295.1,68.3,319.96,1.15,28.73
Andhra Pradesh,Hyderabad,Sandy,7.23,260.47,48.95,329.44,0.55,39.13
Andhra Pradesh,Hyderabad,Sandy,7.71,152.28,63.56,265.14,1.11,44.65
Andhra Pradesh,Hyderabad,Sandy,6.63,395.68,60.77,183.64,0.37,25.67
Andhra Pradesh,Hyderabad,Black Cotton,6.04,163.12,78.82,280.02,1.01,44.09
Andhra Pradesh,Hyderabad,Alluvial,7.67,211.25,27.13,229.33,0.66,32.88
Andhra Pradesh,Hyderabad,Sandy,7.46,243.84,61.51,309.07,1.09,38.33
Andhra Pradesh,Hyderabad,Alluvial,6.65,308.08,46.71,152.32,0.44,18.66
Andhra Pradesh,Hyderabad,Alluvial,7.51,277.44,21.38,264.6,0.99,23.21
Andhra Pradesh,Hyderabad,Alluvial,5.78,298.22,43.04,349.99,1.14,23.95
Andhra Pradesh,Hyderabad,Sandy,5.8,165.87,74.53,309.04,0.52,39.39
Andhra Pradesh,Hyderabad,Clay,6.68,354.37,67.01,256.02,0.38,40.11
Andhra Pradesh,Hyderabad,Red Soil,7.64,347.52,27.45,300.6,1.46,41.93
Andhra Pradesh,Hyderabad,Sandy,8.09,323.8,20.32,239.45,0.68,16.17
Andhra Pradesh,Hyderabad,Red Soil,6.12,190.3,53.75,320.29,0.34,44.4
Andhra Pradesh,Visakhapatnam,Red Soil,6.4,391.57,30.3,345.42,1.09,22.45
Andhra Pradesh,Visakhapatnam,Clay,8.34,279.86,66.97,281.83,0.83,32.31
Andhra Pradesh,Visakhapatnam,Alluvial,6.44,377.7,79.81,271.23,0.91,35.64
Andhra Pradesh,Visakhapatnam,Alluvial,7.96,209.28,31.28,209.94,1.3,43.72
Andhra Pradesh,Visakhapatnam,Red Soil,7.16,297.95,36.64,295.82,0.81,31.5
Andhra Pradesh,Visakhapatnam,Loamy,6.65,375.91,44.0,166.65,0.61,27.76
Andhra Pradesh,Visakhapatnam,Alluvial,5.93,200.94,57.77,203.88,1.06,34.37
Andhra Pradesh,Visakhapatnam,Alluvial,6.62,314.33,69.23,270.99,0.8,19.6
Andhra Pradesh,Visakhapatnam,Black Cotton,6.64,391.0,34.85,204.03,0.94,35.52
Andhra Pradesh,Visakhapatnam,Black Cotton,5.7,310.04,41.77,216.7,0.63,41.07
Andhra Pradesh,Visakhapatnam,Sandy,6.32,174.49,78.77,194.45,1.44,38.48
Andhra Pradesh,Visakhapatnam,Clay,6.03,332.08,38.39,314.27,0.89,30.87
Andhra Pradesh,Visakhapatnam,Alluvial,7.22,220.5,36.26,169.81,0.36,24.54
Andhra Pradesh,Visakhapatnam,Black Cotton,6.04,351.52,60.67,307.75,0.96,41.46
Andhra Pradesh,Visakhapatnam,Black Cotton,6.93,181.89,20.57,252.71,0.49,18.79
Andhra Pradesh,Visakhapatnam,Black Cotton,7.2,216.84,75.11,277.84,0.74,38.33
Andhra Pradesh,Visakhapatnam,Alluvial,7.33,326.7,30.99,347.25,1.26,30.07
Andhra Pradesh,Visakhapatnam,Loamy,8.36,280.15,63.11,334.76,0.57,34.07
Andhra Pradesh,Visakhapatnam,Clay,8.34,251.63,38.76,168.03,0.4,36.9
Andhra Pradesh,Visakhapatnam,Clay,6.0,164.35,64.6,260.83,0.89,41.23
Andhra Pradesh,Visakhapatnam,Black Cotton,7.53,383.11,28.19,249.56,1.12,35.3
Andhra Pradesh,Visakhapatnam,Red Soil,7.59,251.37,56.98,332.18,1.2,36.42
Andhra Pradesh,Visakhapatnam,Alluvial,7.1,236.27,79.65,282.23,1.4,44.98
Andhra Pradesh,Visakhapatnam,Red Soil,7.55,160.59,46.92,183.71,1.42,37.91
Andhra Pradesh,Visakhapatnam,Sandy,6.02,241.76,28.0,220.66,0.36,29.87
Andhra Pradesh,Visakhapatnam,Sandy,6.62,178.31,74.84,199.95,0.95,37.99
Andhra Pradesh,Visakhapatnam,Clay,6.37,270.78,35.89,150.45,1.06,26.81
Andhra Pradesh,Visakhapatnam,Loamy,8.29,389.78,50.93,328.68,1.42,41.77
Andhra Pradesh,Visakhapatnam,Black Cotton,5.67,151.47,47.62,209.67,0.43,25.49
Andhra Pradesh,Visakhapatnam,Alluvial,6.06,238.63,26.08,248.41,0.4,30.43
Andhra Pradesh,Visakhapatnam,Sandy,6.73,378.28,20.41,303.89,0.6,29.12
Andhra Pradesh,Visakhapatnam,Loamy,6.4,257.09,30.93,312.31,0.43,28.16
Andhra Pradesh,Visakhapatnam,Black Cotton,5.99,238.43,46.04,221.85,1.34,20.95
Andhra Pradesh,Visakhapatnam,Sandy,6.35,183.42,45.26,216.24,0.34,34.99
Andhra Pradesh,Visakhapatnam,Black Cotton,8.38,395.73,27.13,247.81,0.89,35.45
Andhra Pradesh,Visakhapatnam,Sandy,6.47,341.1,72.91,250.37,1.41,40.29
Andhra Pradesh,Visakhapatnam,Black Cotton,5.89,389.42,67.56,175.22,0.71,15.41
Andhra Pradesh,Visakhapatnam,Alluvial,6.21,319.58,40.53,345.29,1.18,28.03
Andhra Pradesh,Visakhapatnam,Loamy,6.35,170.65,45.74,273.52,1.18,20.61
Andhra Pradesh,Visakhapatnam,Loamy,7.8,366.04,79.66,199.47,1.28,20.95
Andhra Pradesh,Visakhapatnam,Alluvial,7.85,175.77,63.83,272.22,0.53,40.65
Andhra Pradesh,Visakhapatnam,Alluvial,7.4,207.35,27.94,157.67,1.49,42.87
Andhra Pradesh,Visakhapatnam,Black Cotton,5.55,199.91,71.86,226.07,0.93,36.0
Andhra Pradesh,Visakhapatnam,Sandy,6.17,256.52,23.68,235.41,0.36,18.3
Andhra Pradesh,Visakhapatnam,Loamy,6.34,237.76,45.08,213.97,0.36,16.23
Andhra Pradesh,Visakhapatnam,Clay,7.48,230.41,37.12,206.03,1.03,27.93
Andhra Pradesh,Visakhapatnam,Loamy,8.34,240.9,38.26,169.38,0.32,31.55
Andhra Pradesh,Visakhapatnam,Sandy,6.49,335.32,41.68,305.76,0.93,26.15
Andhra Pradesh,Visakhapatnam,Alluvial,6.33,296.08,25.23,171.27,1.06,33.06
Andhra Pradesh,Visakhapatnam,Clay,7.26,378.04,59.26,188.09,1.15,42.77
Andhra Pradesh,Vijayawada,Clay,8.33,304.75,38.09,244.84,1.21,31.01
Andhra Pradesh,Vijayawada,Sandy,5.63,197.93,53.03,200.51,1.35,40.6
Andhra Pradesh,Vijayawada,Red Soil,8.43,373.73,46.91,293.47,1.39,17.03
Andhra Pradesh,Vijayawada,Black Cotton,7.07,388.11,67.45,183.39,0.63,44.02
Andhra Pradesh,Vijayawada,Loamy,5.64,291.54,67.66,288.76,1.19,26.92
Andhra Pradesh,Vijayawada,Alluvial,7.1,278.37,24.5,237.55,0.91,31.87
Andhra Pradesh,Vijayawada,Black Cotton,6.7,217.87,31.04,182.0,0.56,35.9
Andhra Pradesh,Vijayawada,Red Soil,6.87,326.94,51.5,210.68,0.56,36.25
Andhra Pradesh,Vijayawada,Red Soil,5.86,205.98,52.01,208.37,1.07,43.26
Andhra Pradesh,Vijayawada,Loamy,8.28,217.61,67.44,278.48,0.6,39.7
Andhra Pradesh,Vijayawada,Red Soil,5.85,312.16,57.96,344.44,0.69,43.39
Andhra Pradesh,Vijayawada,Red Soil,6.29,183.4,73.9,208.98,1.48,33.78
Andhra Pradesh,Vijayawada,Clay,7.97,204.82,77.91,185.35,1.47,31.12
Andhra Pradesh,Vijayawada,Red Soil,5.82,336.44,42.92,280.76,1.34,34.03
Andhra Pradesh,Vijayawada,Red Soil,6.12,260.55,39.46,190.78,1.06,40.75
Andhra Pradesh,Vijayawada,Black Cotton,5.97,207.93,63.58,223.73,1.38,17.81
Andhra Pradesh,Vijayawada,Sandy,6.88,353.9,30.57,263.93,1.43,20.41
Andhra Pradesh,Vijayawada,Loamy,5.56,190.73,30.66,228.84,1.03,17.08
Andhra Pradesh,Vijayawada,Clay,6.78,263.76,58.71,230.5,1.17,19.12
Andhra Pradesh,Vijayawada,Clay,7.31,244.47,21.24,315.31,1.22,34.33
Andhra Pradesh,Vijayawada,Clay,5.9,342.53,36.06,337.72,1.02,38.77
Andhra Pradesh,Vijayawada,Clay,8.37,176.58,64.17,217.68,1.15,21.07
Andhra Pradesh,Vijayawada,Black Cotton,7.78,373.1,68.93,211.48,0.87,22.31
Andhra Pradesh,Vijayawada,Red Soil,7.58,306.87,27.38,314.98,0.42,23.9
Andhra Pradesh,Vijayawada,Red Soil,8.16,253.82,20.07,194.86,0.57,26.56
Andhra Pradesh,Vijayawada,Loamy,7.47,206.47,72.74,226.95,1.36,39.68
Andhra Pradesh,Vijayawada,Clay,6.98,397.69,33.47,341.29,0.64,17.29
Andhra Pradesh,Vijayawada,Loamy,5.86,380.83,75.19,329.12,1.03,20.34
Andhra Pradesh,Vijayawada,Red Soil,6.5,195.34,45.51,328.62,1.12,33.74
Andhra Pradesh,Vijayawada,Loamy,6.55,175.98,74.97,282.35,1.42,39.32
Andhra Pradesh,Vijayawada,Alluvial,7.9,347.21,71.7,345.61,1.23,19.4
Andhra Pradesh,Vijayawada,Sandy,6.67,330.34,67.13,245.69,0.38,32.34
Andhra Pradesh,Vijayawada,Alluvial,6.34,172.61,79.69,186.37,0.76,24.58
Andhra Pradesh,Vijayawada,Black Cotton,6.94,393.21,56.1,277.32,0.47,43.32
Andhra Pradesh,Vijayawada,Sandy,6.65,287.33,52.32,248.52,0.94,21.9
Andhra Pradesh,Vijayawada,Clay,7.24,255.46,54.67,288.7,1.2,36.09
Andhra Pradesh,Vijayawada,Sandy,6.59,200.82,71.04,222.48,0.87,19.01
Andhra Pradesh,Vijayawada,Clay,5.68,237.34,70.93,323.35,1.28,23.84
Andhra Pradesh,Vijayawada,Sandy,8.01,287.88,75.88,234.22,0.55,21.74
Andhra Pradesh,Vijayawada,Alluvial,5.91,390.51,62.24,225.49,0.33,43.95
Andhra Pradesh,Vijayawada,Loamy,5.66,176.5,54.9,245.37,1.01,19.75
Andhra Pradesh,Vijayawada,Sandy,6.6,169.75,24.62,263.84,1.28,19.49
Andhra Pradesh,Vijayawada,Sandy,6.91,185.03,51.65,339.75,0.86,36.68
Andhra Pradesh,Vijayawada,Black Cotton,7.84,323.81,37.21,181.18,1.36,15.96
Andhra Pradesh,Vijayawada,Sandy,7.01,152.72,69.96,285.98,1.35,31.62
Andhra Pradesh,Vijayawada,Loamy,8.26,275.47,62.56,234.73,0.49,44.19
Andhra Pradesh,Vijayawada,Red Soil,6.63,387.77,64.59,230.08,0.37,26.77
Andhra Pradesh,Vijayawada,Alluvial,8.43,301.27,24.63,288.49,0.87,34.58
Andhra Pradesh,Vijayawada,Black Cotton,7.98,191.21,68.2,279.33,0.53,18.25
Andhra Pradesh,Vijayawada,Clay,6.59,344.7,40.13,197.91,0.5,18.19
Andhra Pradesh,Guntur,Sandy,7.29,339.13,38.55,260.34,1.07,15.97
Andhra Pradesh,Guntur,Loamy,5.76,292.53,22.69,347.3,0.88,16.44
Andhra Pradesh,Guntur,Clay,8.33,152.12,41.4,206.48,0.78,20.85
Andhra Pradesh,Guntur,Black Cotton,7.68,393.46,62.16,169.48,0.79,37.24
Andhra Pradesh,Guntur,Clay,7.01,343.77,21.42,309.21,0.87,41.06
Andhra Pradesh,Guntur,Clay,6.37,187.88,47.79,327.04,0.41,36.55
Andhra Pradesh,Guntur,Sandy,7.92,313.56,66.13,182.21,1.46,30.49
Andhra Pradesh,Guntur,Alluvial,7.33,280.82,66.12,239.5,0.46,23.73
Andhra Pradesh,Guntur,Red Soil,8.07,257.73,73.44,304.84,0.77,21.26
Andhra Pradesh,Guntur,Red Soil,7.32,389.5,54.01,348.88,0.42,15.45
Andhra Pradesh,Guntur,Loamy,7.14,392.24,66.89,167.43,0.41,24.41
Andhra Pradesh,Guntur,Loamy,5.98,220.03,41.8,167.85,0.52,38.16
Andhra Pradesh,Guntur,Loamy,8.46,394.62,65.79,238.41,1.41,43.19
Andhra Pradesh,Guntur,Red Soil,6.96,240.87,37.2,231.81,1.04,35.42
Andhra Pradesh,Guntur,Black Cotton,6.6,361.21,77.12,224.74,1.12,30.18
Andhra Pradesh,Guntur,Loamy,8.13,397.81,22.56,345.49,0.37,38.72
Andhra Pradesh,Guntur,Alluvial,7.96,151.99,71.18,208.13,0.49,26.98
Andhra Pradesh,Guntur,Clay,6.17,368.54,60.15,219.79,0.86,31.05
Andhra Pradesh,Guntur,Black Cotton,5.83,195.07,26.5,341.91,0.78,27.99
Andhra Pradesh,Guntur,Black Cotton,6.49,229.32,79.79,247.26,1.14,29.29
Andhra Pradesh,Guntur,Loamy,6.86,286.27,76.91,179.1,0.56,32.05
Andhra Pradesh,Guntur,Red Soil,7.82,165.6,68.51,307.91,1.47,21.4
Andhra Pradesh,Guntur,Sandy,8.1,388.16,61.02,203.97,1.06,17.51
Andhra Pradesh,Guntur,Clay,6.32,170.43,72.43,240.28,0.8,21.42
Andhra Pradesh,Guntur,Loamy,6.05,163.44,73.7,235.71,1.46,23.91
Andhra Pradesh,Guntur,Sandy,6.55,254.78,48.53,287.77,0.49,35.9
Andhra Pradesh,Guntur,Loamy,8.24,292.58,69.38,262.18,1.37,20.96
Andhra Pradesh,Guntur,Alluvial,7.5,304.13,39.42,347.27,1.43,37.29
Andhra Pradesh,Guntur,Alluvial,7.7,153.55,73.79,336.76,0.9,24.49
Andhra Pradesh,Guntur,Alluvial,6.72,280.17,20.22,240.11,1.3,18.77
Andhra Pradesh,Guntur,Black Cotton,7.42,294.59,22.19,299.14,0.53,35.89
Andhra Pradesh,Guntur,Sandy,7.3,204.03,32.59,188.23,1.12,43.65
Andhra Pradesh,Guntur,Loamy,7.94,154.05,73.8,250.42,1.34,35.98
Andhra Pradesh,Guntur,Alluvial,8.5,253.51,41.1,315.64,0.81,44.22
Andhra Pradesh,Guntur,Loamy,5.84,193.95,45.7,185.38,1.01,31.28
Andhra Pradesh,Guntur,Black Cotton,6.36,314.9,60.82,276.82,1.14,43.14
Andhra Pradesh,Guntur,Clay,8.49,351.48,26.23,279.92,1.04,27.34
Andhra Pradesh,Guntur,Black Cotton,7.75,305.96,52.68,276.71,0.9,39.18
Andhra Pradesh,Guntur,Alluvial,6.37,255.16,33.37,240.93,0.76,20.87
Andhra Pradesh,Guntur,Black Cotton,8.35,237.65,67.63,242.79,1.39,34.35
Andhra Pradesh,Guntur,Alluvial,6.69,384.9,66.93,251.51,0.62,34.76
Andhra Pradesh,Guntur,Loamy,8.02,348.78,44.88,198.31,1.38,27.44
Andhra Pradesh,Guntur,Clay,5.58,347.63,70.45,253.79,1.19,24.52
Andhra Pradesh,Guntur,Sandy,8.38,398.21,34.51,344.7,0.53,34.33
Andhra Pradesh,Guntur,Clay,7.9,294.46,27.73,277.25,1.47,20.21
Andhra Pradesh,Guntur,Loamy,7.05,259.35,25.97,310.23,0.91,33.94
Andhra Pradesh,Guntur,Black Cotton,8.03,306.83,35.61,260.58,1.44,21.11
Andhra Pradesh,Guntur,Clay,5.58,152.88,66.2,180.61,1.04,31.31
Andhra Pradesh,Guntur,Clay,7.22,156.32,64.05,346.68,1.06,38.33
Andhra Pradesh,Guntur,Sandy,6.22,374.48,37.82,257.08,0.59,38.4
Gujarat,Ahmedabad,Black Cotton,7.81,314.81,36.5,337.0,1.05,34.15
Gujarat,Ahmedabad,Red Soil,8.1,177.73,75.63,174.54,0.47,22.86
Gujarat,Ahmedabad,Sandy,5.78,273.56,41.68,317.66,0.77,29.73
Gujarat,Ahmedabad,Clay,6.74,271.63,57.54,192.06,0.8,41.69
Gujarat,Ahmedabad,Alluvial,8.22,352.14,30.79,152.03,0.51,32.02
Gujarat,Ahmedabad,Red Soil,8.06,179.3,40.57,219.36,1.49,33.0
Gujarat,Ahmedabad,Clay,5.98,335.42,75.59,188.57,0.34,15.69
Gujarat,Ahmedabad,Red Soil,7.78,204.08,41.89,329.71,0.34,19.16
Gujarat,Ahmedabad,Clay,7.68,384.96,36.06,246.31,1.44,25.46
Gujarat,Ahmedabad,Red Soil,7.46,266.76,68.54,237.21,1.44,42.67
Gujarat,Ahmedabad,Loamy,6.02,321.76,73.24,206.22,0.77,32.51
Gujarat,Ahmedabad,Red Soil,6.43,348.52,77.23,247.57,1.36,27.71
Gujarat,Ahmedabad,Alluvial,6.32,229.69,26.45,226.61,0.54,25.59
Gujarat,Ahmedabad,Alluvial,7.96,262.35,73.37,341.62,0.6,27.29
Gujarat,Ahmedabad,Red Soil,7.98,311.27,77.91,220.45,0.34,20.4
Gujarat,Ahmedabad,Loamy,6.79,196.48,34.72,193.04,0.75,19.35
Gujarat,Ahmedabad,Loamy,5.87,229.65,20.65,215.77,0.86,38.86
Gujarat,Ahmedabad,Sandy,7.18,246.4,56.11,255.45,0.42,23.34
Gujarat,Ahmedabad,Red Soil,8.34,351.86,60.28,264.79,1.08,35.46
Gujarat,Ahmedabad,Black Cotton,6.45,230.03,31.83,310.55,0.9,44.71
Gujarat,Ahmedabad,Black Cotton,5.86,263.2,56.09,268.23,0.58,15.64
Gujarat,Ahmedabad,Clay,7.43,364.03,79.28,332.33,0.64,40.25
Gujarat,Ahmedabad,Black Cotton,5.61,283.37,51.65,217.48,0.32,29.1
Gujarat,Ahmedabad,Black Cotton,7.67,218.67,65.22,230.07,0.97,24.4
Gujarat,Ahmedabad,Red Soil,5.64,224.61,79.04,248.67,1.07,42.31
Gujarat,Ahmedabad,Loamy,8.31,175.69,33.44,315.09,0.47,44.81
Gujarat,Ahmedabad,Alluvial,7.67,206.59,25.28,294.82,1.27,39.48
Gujarat,Ahmedabad,Red Soil,8.47,383.53,72.08,201.94,1.24,18.32
Gujarat,Ahmedabad,Loamy,5.73,232.33,56.77,312.5,0.62,20.11
Gujarat,Ahmedabad,Sandy,7.25,179.98,39.16,179.6,1.0,40.5
Gujarat,Ahmedabad,Black Cotton,7.41,317.06,51.31,198.1,0.87,29.7
Gujarat,Ahmedabad,Loamy,6.47,332.72,33.55,202.76,0.66,17.48
Gujarat,Ahmedabad,Red Soil,8.01,210.59,58.83,321.17,1.13,17.25
Gujarat,Ahmedabad,Black Cotton,5.68,153.28,32.97,313.7,0.53,18.14
Gujarat,Ahmedabad,Sandy,7.94,340.4,50.84,212.67,1.43,36.26
Gujarat,Ahmedabad,Alluvial,5.96,276.13,74.85,193.76,0.74,44.25
Gujarat,Ahmedabad,Red Soil,7.04,345.01,31.28,205.57,0.5,24.21
Gujarat,Ahmedabad,Red Soil,7.45,186.82,72.57,299.01,0.59,41.82
Gujarat,Ahmedabad,Sandy,6.3,269.06,51.85,220.39,0.44,31.51
Gujarat,Ahmedabad,Loamy,6.79,187.66,50.13,251.59,0.36,23.18
Gujarat,Ahmedabad,Clay,5.65,245.63,75.68,188.79,0.53,20.3
Gujarat,Ahmedabad,Loamy,7.09,273.4,46.01,286.23,1.08,43.77
Gujarat,Ahmedabad,Sandy,5.85,373.76,54.51,197.75,0.94,23.26
Gujarat,Ahmedabad,Red Soil,7.6,251.14,43.57,193.98,1.29,35.75
Gujarat,Ahmedabad,Black Cotton,6.12,346.43,40.86,207.6,1.02,37.02
Gujarat,Ahmedabad,Clay,6.06,376.95,57.33,297.82,1.32,35.64
Gujarat,Ahmedabad,Sandy,6.45,167.36,31.24,329.97,0.47,15.38
Gujarat,Ahmedabad,Black Cotton,6.78,155.21,78.46,326.25,0.5,37.81
Gujarat,Ahmedabad,Clay,7.28,392.39,54.99,247.66,0.6,18.28
Gujarat,Ahmedabad,Clay,7.2,397.6,70.12,255.05,0.5,19.4
Gujarat,Surat,Clay,5.8,350.97,40.14,248.13,0.72,31.37
Gujarat,Surat,Alluvial,6.96,241.07,20.81,220.53,1.15,41.74
Gujarat,Surat,Alluvial,8.07,375.54,55.74,172.55,1.12,36.85
Gujarat,Surat,Clay,5.94,252.58,33.22,348.82,0.73,15.93
Gujarat,Surat,Red Soil,7.72,393.32,41.57,298.87,0.53,43.64
Gujarat,Surat,Alluvial,5.82,218.48,57.61,258.98,1.39,44.62
Gujarat,Surat,Red Soil,6.02,377.58,40.93,216.24,1.01,43.36
Gujarat,Surat,Loamy,6.43,160.27,51.2,218.65,1.03,28.0
Gujarat,Surat,Black Cotton,7.2,348.13,40.82,172.04,0.31,42.82
Gujarat,Surat,Sandy,6.9,187.56,78.0,274.76,1.1,24.11
Gujarat,Surat,Loamy,5.69,223.68,47.23,193.47,1.29,18.7
Gujarat,Surat,Black Cotton,6.42,257.58,59.62,150.13,0.6,25.51
Gujarat,Surat,Loamy,7.86,275.5,77.51,262.15,1.44,36.4
Gujarat,Surat,Sandy,8.49,199.18,55.11,166.14,0.56,29.2
Gujarat,Surat,Loamy,6.25,319.63,43.17,229.82,1.38,41.79
Gujarat,Surat,Loamy,7.29,193.33,46.15,325.19,1.27,19.18
Gujarat,Surat,Sandy,6.25,254.08,31.97,211.0,0.66,42.81
Gujarat,Surat,Black Cotton,7.14,243.99,72.56,237.38,0.47,28.26
Gujarat,Surat,Loamy,7.01,321.29,41.45,220.84,0.86,43.84
Gujarat,Surat,Black Cotton,5.58,289.73,77.45,234.18,1.21,33.46
Gujarat,Surat,Loamy,7.86,295.08,42.39,274.18,1.38,41.33
Gujarat,Surat,Clay,7.77,248.16,44.18,151.19,1.27,41.25
Gujarat,Surat,Black Cotton,8.02,171.16,36.21,347.23,0.43,32.83
Gujarat,Surat,Loamy,7.2,322.65,71.86,174.29,1.0,30.32
Gujarat,Surat,Alluvial,5.66,201.27,28.65,298.08,0.89,21.71
Gujarat,Surat,Alluvial,7.42,188.69,57.69,293.83,1.42,39.17
Gujarat,Surat,Red Soil,7.56,178.68,20.0,270.76,0.45,17.91
Gujarat,Surat,Sandy,5.81,156.16,50.35,228.14,1.41,24.0
Gujarat,Surat,Black Cotton,8.45,355.07,70.5,259.34,1.29,35.44
Gujarat,Surat,Alluvial,7.35,258.09,58.17,186.96,1.28,34.72
Gujarat,Surat,Sandy,7.03,324.91,32.02,246.09,0.65,18.0
Gujarat,Surat,Red Soil,6.98,316.92,43.47,289.53,0.43,27.51
Gujarat,Surat,Black Cotton,5.94,220.86,27.21,227.89,1.0,16.02
Gujarat,Surat,Alluvial,8.18,304.97,22.56,331.41,1.46,29.04
Gujarat,Surat,Alluvial,6.88,152.28,29.5,250.13,1.33,21.32
Gujarat,Surat,Alluvial,7.08,278.26,30.47,180.28,1.09,31.89
Gujarat,Surat,Black Cotton,7.65,346.67,36.7,302.52,0.66,26.82
Gujarat,Surat,Alluvial,6.95,390.64,56.35,186.07,1.15,30.21
Gujarat,Surat,Alluvial,7.08,182.36,39.44,341.04,0.72,33.52
Gujarat,Surat,Black Cotton,5.7,157.38,63.97,196.34,1.1,29.98
Gujarat,Surat,Alluvial,6.93,339.98,78.88,311.71,1.18,22.1
Gujarat,Surat,Sandy,7.68,246.02,78.4,334.48,0.37,22.51
Gujarat,Surat,Clay,8.04,168.22,65.8,271.31,1.31,42.71
Gujarat,Surat,Loamy,5.82,262.38,27.99,277.48,0.97,20.87
Gujarat,Surat,Black Cotton,6.81,221.52,32.07,182.42,1.28,39.26
Gujarat,Surat,Sandy,5.76,156.06,77.59,169.24,0.34,19.22
Gujarat,Surat,Clay,6.58,252.01,52.79,164.39,0.52,36.9
Gujarat,Surat,Alluvial,7.43,274.04,69.94,264.07,0.87,25.56
Gujarat,Surat,Red Soil,8.2,363.36,68.1,237.78,1.05,41.22
Gujarat,Surat,Red Soil,5.73,345.6,37.89,173.59,0.58,33.04
Gujarat,Vadodara,Loamy,5.57,355.33,37.39,315.63,0.77,25.74
Gujarat,Vadodara,Sandy,8.4,168.69,54.52,320.64,1.42,30.0
Gujarat,Vadodara,Black Cotton,7.36,286.49,73.51,266.55,1.42,44.55
Gujarat,Vadodara,Alluvial,5.59,234.51,35.65,216.91,1.22,19.18
Gujarat,Vadodara,Red Soil,7.95,232.4,65.44,332.46,0.37,29.81
Gujarat,Vadodara,Red Soil,8.21,325.77,65.93,157.07,1.48,43.5
Gujarat,Vadodara,Red Soil,7.72,382.34,73.25,245.75,0.46,36.7
Gujarat,Vadodara,Clay,5.61,276.9,59.02,236.3,0.66,40.5
Gujarat,Vadodara,Sandy,5.56,163.84,66.42,312.27,0.94,40.81
Gujarat,Vadodara,Alluvial,7.55,154.52,48.93,227.42,0.75,18.76
Gujarat,Vadodara,Alluvial,6.78,184.44,46.28,329.43,1.48,26.03
Gujarat,Vadodara,Sandy,6.53,379.52,34.29,168.4,0.31,27.39
Gujarat,Vadodara,Red Soil,7.2,397.73,20.89,293.97,1.28,17.3
Gujarat,Vadodara,Sandy,6.82,220.65,38.85,270.48,1.37,44.94
Gujarat,Vadodara,Sandy,7.32,269.68,27.34,165.36,0.6,31.31
Gujarat,Vadodara,Black Cotton,7.62,353.36,73.86,321.75,0.83,24.08
Gujarat,Vadodara,Loamy,7.84,223.17,59.22,255.37,0.62,35.93
Gujarat,Vadodara,Red Soil,5.81,236.66,44.65,340.11,0.88,17.35
Gujarat,Vadodara,Sandy,8.02,280.25,38.3,260.59,0.45,36.75
Gujarat,Vadodara,Sandy,5.61,208.78,46.42,302.84,1.44,15.64
Gujarat,Vadodara,Clay,6.31,297.06,38.02,343.02,0.37,40.64
Gujarat,Vadodara,Black Cotton,6.99,365.69,43.08,158.88,0.55,20.53
Gujarat,Vadodara,Black Cotton,7.1,315.1,21.88,302.6,1.42,42.3
Gujarat,Vadodara,Loamy,8.27,376.86,68.61,268.19,1.21,25.23
Gujarat,Vadodara,Red Soil,6.8,256.89,63.75,297.08,0.37,18.28
Gujarat,Vadodara,Black Cotton,8.36,383.12,37.25,348.18,0.94,27.72
Gujarat,Vadodara,Alluvial,7.2,279.73,29.75,226.26,1.19,42.74
Gujarat,Vadodara,Sandy,8.22,220.18,60.96,204.88,1.5,38.14
Gujarat,Vadodara,Loamy,6.51,248.65,56.93,222.34,1.09,38.47
Gujarat,Vadodara,Red Soil,5.54,226.72,59.65,317.2,1.32,28.31
Gujarat,Vadodara,Clay,6.82,266.61,77.95,246.04,1.31,21.54
Gujarat,Vadodara,Clay,7.24,169.89,73.82,260.29,1.44,28.21
Gujarat,Vadodara,Loamy,7.8,219.04,72.14,175.44,1.06,19.41
Gujarat,Vadodara,Red Soil,7.47,208.17,59.28,186.85,0.91,28.21
Gujarat,Vadodara,Loamy,5.63,329.34,23.65,292.91,0.61,22.72
Gujarat,Vadodara,Alluvial,8.03,362.35,52.43,158.95,0.58,18.27
Gujarat,Vadodara,Red Soil,6.83,277.76,34.22,215.16,0.75,39.68
Gujarat,Vadodara,Black Cotton,5.71,256.62,36.99,154.94,1.03,25.81
Gujarat,Vadodara,Black Cotton,8.19,243.68,76.55,208.81,0.34,26.05
Gujarat,Vadodara,Loamy,8.29,377.97,21.53,271.81,1.27,30.32
Gujarat,Vadodara,Alluvial,7.02,295.37,40.64,192.97,1.3,15.98
Gujarat,Vadodara,Alluvial,5.95,340.65,58.95,341.04,1.45,44.77
Gujarat,Vadodara,Red Soil,7.01,293.61,52.89,233.62,1.18,40.43
Gujarat,Vadodara,Red Soil,7.89,301.78,59.55,254.07,0.68,20.85
Gujarat,Vadodara,Red Soil,6.38,211.01,34.58,303.53,0.73,28.67
Gujarat,Vadodara,Alluvial,8.42,323.27,46.7,341.52,0.79,17.39
Gujarat,Vadodara,Red Soil,7.02,378.66,59.2,271.04,0.84,27.57
Gujarat,Vadodara,Red Soil,7.98,396.69,75.54,198.99,1.39,35.22
Gujarat,Vadodara,Alluvial,5.91,215.07,37.21,212.77,0.4,27.63
Gujarat,Vadodara,Sandy,7.23,308.16,66.36,329.97,1.35,15.47
Gujarat,Rajkot,Clay,6.76,341.38,62.68,243.97,0.42,41.08
Gujarat,Rajkot,Black Cotton,5.57,191.73,24.38,252.98,0.94,26.64
Gujarat,Rajkot,Black Cotton,6.56,250.58,53.42,292.4,0.44,41.92
Gujarat,Rajkot,Loamy,7.27,304.16,79.65,159.05,1.19,25.65
Gujarat,Rajkot,Black Cotton,8.23,307.71,64.44,237.14,1.21,36.0
Gujarat,Rajkot,Alluvial,6.05,341.49,74.98,337.32,0.4,41.87
Gujarat,Rajkot,Red Soil,7.28,318.48,47.21,214.09,0.51,36.68
Gujarat,Rajkot,Loamy,8.33,174.22,37.84,218.22,0.98,41.92
Gujarat,Rajkot,Red Soil,7.02,382.01,37.12,226.81,1.21,43.61
Gujarat,Rajkot,Clay,7.94,333.66,79.35,192.14,0.92,32.25
Gujarat,Rajkot,Red Soil,6.44,236.84,29.94,207.57,0.88,21.71
Gujarat,Rajkot,Sandy,6.37,379.42,79.33,300.69,1.41,34.99
Gujarat,Rajkot,Sandy,5.79,288.04,50.52,183.77,1.02,16.19
Gujarat,Rajkot,Red Soil,7.11,198.78,49.3,314.48,0.74,23.46
Gujarat,Rajkot,Red Soil,6.78,261.21,27.57,240.77,1.4,36.49
Gujarat,Rajkot,Clay,6.83,258.07,35.78,322.9,1.49,36.95
Gujarat,Rajkot,Clay,8.41,350.91,64.66,194.49,0.39,19.7
Gujarat,Rajkot,Loamy,6.33,307.66,50.77,305.41,1.15,24.44
Gujarat,Rajkot,Clay,6.8,383.09,67.65,213.51,1.31,34.83
Gujarat,Rajkot,Alluvial,5.61,308.62,20.48,177.37,0.75,43.29
Gujarat,Rajkot,Alluvial,6.09,267.53,49.07,187.42,0.9,18.95
Gujarat,Rajkot,Alluvial,8.13,387.71,71.43,299.89,0.3,17.02
Gujarat,Rajkot,Red Soil,7.33,327.5,22.33,287.6,1.04,33.93
Gujarat,Rajkot,Sandy,7.41,271.06,59.42,186.01,0.66,21.96
Gujarat,Rajkot,Loamy,7.5,272.56,57.8,269.57,0.95,23.86
Gujarat,Rajkot,Sandy,5.84,370.22,65.3,207.45,1.46,24.76
Gujarat,Rajkot,Alluvial,6.77,194.05,77.38,282.12,0.72,26.94
Gujarat,Rajkot,Sandy,7.82,270.93,68.28,247.83,0.79,22.05
Gujarat,Rajkot,Loamy,6.3,203.78,71.06,231.8,0.97,24.7
Gujarat,Rajkot,Alluvial,6.45,247.84,46.52,229.74,1.39,23.05
Gujarat,Rajkot,Alluvial,6.16,309.07,22.74,239.53,0.57,41.27
Gujarat,Rajkot,Red Soil,6.12,306.32,76.87,272.66,0.7,33.15
Gujarat,Rajkot,Clay,8.35,155.28,42.75,306.09,0.7,25.58
Gujarat,Rajkot,Red Soil,5.69,162.3,32.63,257.09,1.48,40.14
Gujarat,Rajkot,Black Cotton,8.08,207.33,68.08,332.13,0.7,21.47
Gujarat,Rajkot,Alluvial,6.25,153.41,70.73,301.02,0.93,30.04
Gujarat,Rajkot,Black Cotton,5.63,220.77,21.45,276.31,1.13,16.01
Gujarat,Rajkot,Alluvial,5.87,346.01,59.32,176.24,1.19,23.1
Gujarat,Rajkot,Clay,5.73,276.13,62.21,296.53,0.32,37.28
Gujarat,Rajkot,Red Soil,7.31,187.96,64.15,308.52,0.53,33.17
Gujarat,Rajkot,Loamy,7.85,256.29,64.61,210.43,0.85,17.99
Gujarat,Rajkot,Alluvial,7.23,244.15,45.77,194.45,0.79,23.36
Gujarat,Rajkot,Loamy,8.22,283.3,34.68,153.44,0.9,26.81
Gujarat,Rajkot,Loamy,7.79,328.64,47.14,265.58,0.33,38.14
Gujarat,Rajkot,Black Cotton,6.61,290.79,58.57,216.49,1.27,44.27
Gujarat,Rajkot,Clay,7.18,201.92,76.53,268.68,0.4,27.1
Gujarat,Rajkot,Black Cotton,7.07,359.91,65.63,161.79,0.89,27.36
Gujarat,Rajkot,Alluvial,6.51,187.65,39.29,263.06,0.79,15.17
Gujarat,Rajkot,Alluvial,6.13,290.6,49.32,249.96,1.45,22.07
Gujarat,Rajkot,Black Cotton,7.63,278.61,71.52,348.55,0.4,18.15
